url,status,finalUrl,contentType,xRobots,robotsMeta,canonical,title,issues
"https://phiguard.app","200","https://phiguard.app/","text/html","","","https://phiguard.app/","PHIGuard | HIPAA Task Management for Small Medical Clinics",""
"https://phiguard.app/alternatives/airtable-alternative","200","https://phiguard.app/alternatives/airtable-alternative","text/html","","","https://phiguard.app/alternatives/airtable-alternative","Airtable HIPAA Alternative | PHIGuard",""
"https://phiguard.app/alternatives/asana-alternative","200","https://phiguard.app/alternatives/asana-alternative","text/html","","","https://phiguard.app/alternatives/asana-alternative","Asana HIPAA Alternative | PHIGuard",""
"https://phiguard.app/alternatives/basecamp-alternative","200","https://phiguard.app/alternatives/basecamp-alternative","text/html","","","https://phiguard.app/alternatives/basecamp-alternative","Basecamp HIPAA Alternative | PHIGuard",""
"https://phiguard.app/alternatives/clickup-alternative","200","https://phiguard.app/alternatives/clickup-alternative","text/html","","","https://phiguard.app/alternatives/clickup-alternative","ClickUp HIPAA Alternative | PHIGuard",""
"https://phiguard.app/alternatives/confluence-alternative","200","https://phiguard.app/alternatives/confluence-alternative","text/html","","","https://phiguard.app/alternatives/confluence-alternative","Confluence HIPAA Alternative | PHIGuard",""
"https://phiguard.app/alternatives/excel-alternative-healthcare","200","https://phiguard.app/alternatives/excel-alternative-healthcare","text/html","","","https://phiguard.app/alternatives/excel-alternative-healthcare","Microsoft Excel HIPAA Alternative | PHIGuard",""
"https://phiguard.app/alternatives/fellow-alternative","200","https://phiguard.app/alternatives/fellow-alternative","text/html","","","https://phiguard.app/alternatives/fellow-alternative","Fellow HIPAA Alternative | PHIGuard",""
"https://phiguard.app/alternatives/google-drive-alternative-healthcare","200","https://phiguard.app/alternatives/google-drive-alternative-healthcare","text/html","","","https://phiguard.app/alternatives/google-drive-alternative-healthcare","Google Drive HIPAA Alternative | PHIGuard",""
"https://phiguard.app/alternatives/height-alternative","200","https://phiguard.app/alternatives/height-alternative","text/html","","","https://phiguard.app/alternatives/height-alternative","Height HIPAA Alternative | PHIGuard",""
"https://phiguard.app/alternatives/hive-alternative","200","https://phiguard.app/alternatives/hive-alternative","text/html","","","https://phiguard.app/alternatives/hive-alternative","Hive HIPAA Alternative | PHIGuard",""
"https://phiguard.app/alternatives/jira-alternative","200","https://phiguard.app/alternatives/jira-alternative","text/html","","","https://phiguard.app/alternatives/jira-alternative","Jira HIPAA Alternative | PHIGuard",""
"https://phiguard.app/alternatives/meistertask-alternative","200","https://phiguard.app/alternatives/meistertask-alternative","text/html","","","https://phiguard.app/alternatives/meistertask-alternative","MeisterTask HIPAA Alternative | PHIGuard",""
"https://phiguard.app/alternatives/microsoft-planner-alternative","200","https://phiguard.app/alternatives/microsoft-planner-alternative","text/html","","","https://phiguard.app/alternatives/microsoft-planner-alternative","Microsoft Planner HIPAA Alternative | PHIGuard",""
"https://phiguard.app/alternatives/microsoft-teams-alternative-healthcare","200","https://phiguard.app/alternatives/microsoft-teams-alternative-healthcare","text/html","","","https://phiguard.app/alternatives/microsoft-teams-alternative-healthcare","Microsoft Teams HIPAA Alternative | PHIGuard",""
"https://phiguard.app/alternatives/monday-alternative","200","https://phiguard.app/alternatives/monday-alternative","text/html","","","https://phiguard.app/alternatives/monday-alternative","Monday.com HIPAA Alternative | PHIGuard",""
"https://phiguard.app/alternatives/motion-alternative","200","https://phiguard.app/alternatives/motion-alternative","text/html","","","https://phiguard.app/alternatives/motion-alternative","Motion HIPAA Alternative | PHIGuard",""
"https://phiguard.app/alternatives/nifty-alternative","200","https://phiguard.app/alternatives/nifty-alternative","text/html","","","https://phiguard.app/alternatives/nifty-alternative","Nifty HIPAA Alternative | PHIGuard",""
"https://phiguard.app/alternatives/notion-alternative","200","https://phiguard.app/alternatives/notion-alternative","text/html","","","https://phiguard.app/alternatives/notion-alternative","Notion HIPAA Alternative | PHIGuard",""
"https://phiguard.app/alternatives/notion-alternative-healthcare","200","https://phiguard.app/alternatives/notion-alternative-healthcare","text/html","","","https://phiguard.app/alternatives/notion-alternative-healthcare","Notion HIPAA Alternative | PHIGuard",""
"https://phiguard.app/alternatives/pipefy-alternative","200","https://phiguard.app/alternatives/pipefy-alternative","text/html","","","https://phiguard.app/alternatives/pipefy-alternative","Pipefy HIPAA Alternative | PHIGuard",""
"https://phiguard.app/alternatives/process-street-alternative","200","https://phiguard.app/alternatives/process-street-alternative","text/html","","","https://phiguard.app/alternatives/process-street-alternative","Process Street HIPAA Alternative | PHIGuard",""
"https://phiguard.app/alternatives/proofhub-alternative","200","https://phiguard.app/alternatives/proofhub-alternative","text/html","","","https://phiguard.app/alternatives/proofhub-alternative","ProofHub HIPAA Alternative | PHIGuard",""
"https://phiguard.app/alternatives/sharepoint-alternative-healthcare","200","https://phiguard.app/alternatives/sharepoint-alternative-healthcare","text/html","","","https://phiguard.app/alternatives/sharepoint-alternative-healthcare","SharePoint HIPAA Alternative | PHIGuard",""
"https://phiguard.app/alternatives/slack-alternative-healthcare","200","https://phiguard.app/alternatives/slack-alternative-healthcare","text/html","","","https://phiguard.app/alternatives/slack-alternative-healthcare","Slack HIPAA Alternative | PHIGuard",""
"https://phiguard.app/alternatives/smartsheet-alternative","200","https://phiguard.app/alternatives/smartsheet-alternative","text/html","","","https://phiguard.app/alternatives/smartsheet-alternative","Smartsheet HIPAA Alternative | PHIGuard",""
"https://phiguard.app/alternatives/taskade-alternative","200","https://phiguard.app/alternatives/taskade-alternative","text/html","","","https://phiguard.app/alternatives/taskade-alternative","Taskade HIPAA Alternative | PHIGuard",""
"https://phiguard.app/alternatives/teamwork-alternative","200","https://phiguard.app/alternatives/teamwork-alternative","text/html","","","https://phiguard.app/alternatives/teamwork-alternative","Teamwork HIPAA Alternative | PHIGuard",""
"https://phiguard.app/alternatives/todoist-alternative","200","https://phiguard.app/alternatives/todoist-alternative","text/html","","","https://phiguard.app/alternatives/todoist-alternative","Todoist HIPAA Alternative | PHIGuard",""
"https://phiguard.app/alternatives/trello-alternative","200","https://phiguard.app/alternatives/trello-alternative","text/html","","","https://phiguard.app/alternatives/trello-alternative","Trello HIPAA Alternative | PHIGuard",""
"https://phiguard.app/alternatives/workfront-alternative","200","https://phiguard.app/alternatives/workfront-alternative","text/html","","","https://phiguard.app/alternatives/workfront-alternative","Adobe Workfront HIPAA Alternative | PHIGuard",""
"https://phiguard.app/alternatives/wrike-alternative","200","https://phiguard.app/alternatives/wrike-alternative","text/html","","","https://phiguard.app/alternatives/wrike-alternative","Wrike HIPAA Alternative | PHIGuard",""
"https://phiguard.app/baa","200","https://phiguard.app/baa","text/html","","","https://phiguard.app/baa","Business Associate Agreement | PHIGuard",""
"https://phiguard.app/compare","200","https://phiguard.app/compare","text/html","","","https://phiguard.app/compare","Compare | PHIGuard Decision Center",""
"https://phiguard.app/compare/accountable-hq-vs-abyde","200","https://phiguard.app/compare/accountable-hq-vs-abyde","text/html","","","https://phiguard.app/compare/accountable-hq-vs-abyde","Accountable HQ vs Abyde for Clinics | PHIGuard",""
"https://phiguard.app/compare/accountable-hq-vs-total-hipaa","200","https://phiguard.app/compare/accountable-hq-vs-total-hipaa","text/html","","","https://phiguard.app/compare/accountable-hq-vs-total-hipaa","Accountable HQ vs Total HIPAA | PHIGuard",""
"https://phiguard.app/compare/compliancy-group-vs-accountable-hq","200","https://phiguard.app/compare/compliancy-group-vs-accountable-hq","text/html","","","https://phiguard.app/compare/compliancy-group-vs-accountable-hq","Compliancy Group vs Accountable HQ | PHIGuard",""
"https://phiguard.app/compare/compliancy-group-vs-total-hipaa","200","https://phiguard.app/compare/compliancy-group-vs-total-hipaa","text/html","","","https://phiguard.app/compare/compliancy-group-vs-total-hipaa","Compliancy Group vs Total HIPAA Compared | PHIGuard",""
"https://phiguard.app/compare/hipaa-compliance-software-comparison","200","https://phiguard.app/compare/hipaa-compliance-software-comparison","text/html","","","https://phiguard.app/compare/hipaa-compliance-software-comparison","HIPAA Compliance Software Comparison | PHIGuard",""
"https://phiguard.app/compare/medtrainer-vs-compliancy-group","200","https://phiguard.app/compare/medtrainer-vs-compliancy-group","text/html","","","https://phiguard.app/compare/medtrainer-vs-compliancy-group","MedTrainer vs Compliancy Group | PHIGuard",""
"https://phiguard.app/compare/phiguard-vs-abyde","200","https://phiguard.app/compare/phiguard-vs-abyde","text/html","","","https://phiguard.app/compare/phiguard-vs-abyde","PHIGuard vs Abyde | PHIGuard",""
"https://phiguard.app/compare/phiguard-vs-accountable-hq","200","https://phiguard.app/compare/phiguard-vs-accountable-hq","text/html","","","https://phiguard.app/compare/phiguard-vs-accountable-hq","PHIGuard vs Accountable HQ | PHIGuard",""
"https://phiguard.app/compare/phiguard-vs-apptega","200","https://phiguard.app/compare/phiguard-vs-apptega","text/html","","","https://phiguard.app/compare/phiguard-vs-apptega","PHIGuard vs Apptega for HIPAA Compliance | PHIGuard",""
"https://phiguard.app/compare/phiguard-vs-asana-enterprise","200","https://phiguard.app/compare/phiguard-vs-asana-enterprise","text/html","","","https://phiguard.app/compare/phiguard-vs-asana-enterprise","PHIGuard vs Asana Enterprise | PHIGuard",""
"https://phiguard.app/compare/phiguard-vs-compliancy-group","200","https://phiguard.app/compare/phiguard-vs-compliancy-group","text/html","","","https://phiguard.app/compare/phiguard-vs-compliancy-group","PHIGuard vs Compliancy Group | PHIGuard",""
"https://phiguard.app/compare/phiguard-vs-dock-health","200","https://phiguard.app/compare/phiguard-vs-dock-health","text/html","","","https://phiguard.app/compare/phiguard-vs-dock-health","PHIGuard vs Dock Health | PHIGuard",""
"https://phiguard.app/compare/phiguard-vs-drata","200","https://phiguard.app/compare/phiguard-vs-drata","text/html","","","https://phiguard.app/compare/phiguard-vs-drata","PHIGuard vs Drata for HIPAA Compliance | PHIGuard",""
"https://phiguard.app/compare/phiguard-vs-generic-phi-workflow-stack","200","https://phiguard.app/compare/phiguard-vs-generic-phi-workflow-stack","text/html","","","https://phiguard.app/compare/phiguard-vs-generic-phi-workflow-stack","PHIGuard vs Generic PHI Workflow Stack | PHIGuard",""
"https://phiguard.app/compare/phiguard-vs-healthie","200","https://phiguard.app/compare/phiguard-vs-healthie","text/html","","","https://phiguard.app/compare/phiguard-vs-healthie","PHIGuard vs Healthie | PHIGuard",""
"https://phiguard.app/compare/phiguard-vs-hipaa-one","200","https://phiguard.app/compare/phiguard-vs-hipaa-one","text/html","","","https://phiguard.app/compare/phiguard-vs-hipaa-one","PHIGuard vs HIPAA One | PHIGuard",""
"https://phiguard.app/compare/phiguard-vs-intraprise","200","https://phiguard.app/compare/phiguard-vs-intraprise","text/html","","","https://phiguard.app/compare/phiguard-vs-intraprise","PHIGuard vs Intraprise Health | PHIGuard",""
"https://phiguard.app/compare/phiguard-vs-jotform-health","200","https://phiguard.app/compare/phiguard-vs-jotform-health","text/html","","","https://phiguard.app/compare/phiguard-vs-jotform-health","PHIGuard vs Jotform Health | PHIGuard",""
"https://phiguard.app/compare/phiguard-vs-medcurity","200","https://phiguard.app/compare/phiguard-vs-medcurity","text/html","","","https://phiguard.app/compare/phiguard-vs-medcurity","PHIGuard vs Medcurity | PHIGuard",""
"https://phiguard.app/compare/phiguard-vs-medtrainer","200","https://phiguard.app/compare/phiguard-vs-medtrainer","text/html","","","https://phiguard.app/compare/phiguard-vs-medtrainer","PHIGuard vs MedTrainer | PHIGuard",""
"https://phiguard.app/compare/phiguard-vs-onpage","200","https://phiguard.app/compare/phiguard-vs-onpage","text/html","","","https://phiguard.app/compare/phiguard-vs-onpage","PHIGuard vs OnPage | PHIGuard",""
"https://phiguard.app/compare/phiguard-vs-paubox","200","https://phiguard.app/compare/phiguard-vs-paubox","text/html","","","https://phiguard.app/compare/phiguard-vs-paubox","PHIGuard vs Paubox | PHIGuard",""
"https://phiguard.app/compare/phiguard-vs-rippling","200","https://phiguard.app/compare/phiguard-vs-rippling","text/html","","","https://phiguard.app/compare/phiguard-vs-rippling","PHIGuard vs Rippling | PHIGuard",""
"https://phiguard.app/compare/phiguard-vs-secureframe","200","https://phiguard.app/compare/phiguard-vs-secureframe","text/html","","","https://phiguard.app/compare/phiguard-vs-secureframe","PHIGuard vs Secureframe for HIPAA Compliance | PHIGuard",""
"https://phiguard.app/compare/phiguard-vs-sprinto","200","https://phiguard.app/compare/phiguard-vs-sprinto","text/html","","","https://phiguard.app/compare/phiguard-vs-sprinto","PHIGuard vs Sprinto | PHIGuard",""
"https://phiguard.app/compare/phiguard-vs-thoropass","200","https://phiguard.app/compare/phiguard-vs-thoropass","text/html","","","https://phiguard.app/compare/phiguard-vs-thoropass","PHIGuard vs Thoropass for HIPAA Compliance | PHIGuard",""
"https://phiguard.app/compare/phiguard-vs-tigerconnect","200","https://phiguard.app/compare/phiguard-vs-tigerconnect","text/html","","","https://phiguard.app/compare/phiguard-vs-tigerconnect","PHIGuard vs TigerConnect | PHIGuard",""
"https://phiguard.app/compare/phiguard-vs-total-hipaa","200","https://phiguard.app/compare/phiguard-vs-total-hipaa","text/html","","","https://phiguard.app/compare/phiguard-vs-total-hipaa","PHIGuard vs Total HIPAA | PHIGuard",""
"https://phiguard.app/compare/phiguard-vs-vanta","200","https://phiguard.app/compare/phiguard-vs-vanta","text/html","","","https://phiguard.app/compare/phiguard-vs-vanta","PHIGuard vs Vanta: HIPAA for Small Clinics | PHIGuard",""
"https://phiguard.app/contributors","200","https://phiguard.app/contributors","text/html","","","https://phiguard.app/contributors","Contributors | PHIGuard",""
"https://phiguard.app/contributors/phiguard-compliance-research","200","https://phiguard.app/contributors/phiguard-compliance-research","text/html","","","https://phiguard.app/contributors/phiguard-compliance-research","PHIGuard Compliance Research | PHIGuard",""
"https://phiguard.app/contributors/phiguard-editorial-team","200","https://phiguard.app/contributors/phiguard-editorial-team","text/html","","","https://phiguard.app/contributors/phiguard-editorial-team","PHIGuard Editorial Team | PHIGuard",""
"https://phiguard.app/contributors/phiguard-product-team","200","https://phiguard.app/contributors/phiguard-product-team","text/html","","","https://phiguard.app/contributors/phiguard-product-team","PHIGuard Product Team | PHIGuard",""
"https://phiguard.app/glossary","200","https://phiguard.app/glossary","text/html","","","https://phiguard.app/glossary","HIPAA Glossary | PHIGuard",""
"https://phiguard.app/hipaa","200","https://phiguard.app/hipaa","text/html","","","https://phiguard.app/hipaa","HIPAA and PHI Handling | PHIGuard",""
"https://phiguard.app/hipaa-software","200","https://phiguard.app/hipaa-software","text/html","","","https://phiguard.app/hipaa-software","HIPAA Software for Clinics and Healthcare Teams | PHIGuard",""
"https://phiguard.app/hipaa-software/behavioral-health-practices","200","https://phiguard.app/hipaa-software/behavioral-health-practices","text/html","","","https://phiguard.app/hipaa-software/behavioral-health-practices","HIPAA Software for Behavioral Health Practices | PHIGuard",""
"https://phiguard.app/hipaa-software/clinical-research-organizations","200","https://phiguard.app/hipaa-software/clinical-research-organizations","text/html","","","https://phiguard.app/hipaa-software/clinical-research-organizations","HIPAA Software for Research Orgs | PHIGuard",""
"https://phiguard.app/hipaa-software/concierge-medicine","200","https://phiguard.app/hipaa-software/concierge-medicine","text/html","","","https://phiguard.app/hipaa-software/concierge-medicine","HIPAA Software for Concierge Medicine Practices | PHIGuard",""
"https://phiguard.app/hipaa-software/dental-practices","200","https://phiguard.app/hipaa-software/dental-practices","text/html","","","https://phiguard.app/hipaa-software/dental-practices","HIPAA Software for Dental Practices | PHIGuard",""
"https://phiguard.app/hipaa-software/dental-service-organizations","200","https://phiguard.app/hipaa-software/dental-service-organizations","text/html","","","https://phiguard.app/hipaa-software/dental-service-organizations","HIPAA Software for Dental Service Organizations | PHIGuard",""
"https://phiguard.app/hipaa-software/digital-health-startups","200","https://phiguard.app/hipaa-software/digital-health-startups","text/html","","","https://phiguard.app/hipaa-software/digital-health-startups","HIPAA Software for Digital Health Startups | PHIGuard",""
"https://phiguard.app/hipaa-software/group-practices","200","https://phiguard.app/hipaa-software/group-practices","text/html","","","https://phiguard.app/hipaa-software/group-practices","HIPAA Software for Group Practices | PHIGuard",""
"https://phiguard.app/hipaa-software/home-health-agencies","200","https://phiguard.app/hipaa-software/home-health-agencies","text/html","","","https://phiguard.app/hipaa-software/home-health-agencies","HIPAA Software for Home Health | PHIGuard",""
"https://phiguard.app/hipaa-software/imaging-centers","200","https://phiguard.app/hipaa-software/imaging-centers","text/html","","","https://phiguard.app/hipaa-software/imaging-centers","HIPAA Software for Imaging Centers | PHIGuard",""
"https://phiguard.app/hipaa-software/labs-and-pathology-centers","200","https://phiguard.app/hipaa-software/labs-and-pathology-centers","text/html","","","https://phiguard.app/hipaa-software/labs-and-pathology-centers","HIPAA Software for Labs and Pathology Centers | PHIGuard",""
"https://phiguard.app/hipaa-software/medical-billing-companies","200","https://phiguard.app/hipaa-software/medical-billing-companies","text/html","","","https://phiguard.app/hipaa-software/medical-billing-companies","HIPAA Software for Medical Billing Companies | PHIGuard",""
"https://phiguard.app/hipaa-software/medical-offices","200","https://phiguard.app/hipaa-software/medical-offices","text/html","","","https://phiguard.app/hipaa-software/medical-offices","HIPAA Software for Medical Offices | PHIGuard",""
"https://phiguard.app/hipaa-software/medical-staffing-agencies","200","https://phiguard.app/hipaa-software/medical-staffing-agencies","text/html","","","https://phiguard.app/hipaa-software/medical-staffing-agencies","HIPAA Software for Medical Staffing Agencies | PHIGuard",""
"https://phiguard.app/hipaa-software/medical-transcription-companies","200","https://phiguard.app/hipaa-software/medical-transcription-companies","text/html","","","https://phiguard.app/hipaa-software/medical-transcription-companies","HIPAA Software for Transcription Firms | PHIGuard",""
"https://phiguard.app/hipaa-software/mental-health-practices","200","https://phiguard.app/hipaa-software/mental-health-practices","text/html","","","https://phiguard.app/hipaa-software/mental-health-practices","HIPAA Software for Mental Health Practices | PHIGuard",""
"https://phiguard.app/hipaa-software/multi-location-clinics","200","https://phiguard.app/hipaa-software/multi-location-clinics","text/html","","","https://phiguard.app/hipaa-software/multi-location-clinics","HIPAA Software for Multi-Location Clinics | PHIGuard",""
"https://phiguard.app/hipaa-software/private-equity-backed-clinics","200","https://phiguard.app/hipaa-software/private-equity-backed-clinics","text/html","","","https://phiguard.app/hipaa-software/private-equity-backed-clinics","HIPAA Software for PE-Backed Clinics | PHIGuard",""
"https://phiguard.app/hipaa-software/revenue-cycle-management","200","https://phiguard.app/hipaa-software/revenue-cycle-management","text/html","","","https://phiguard.app/hipaa-software/revenue-cycle-management","HIPAA Software for RCM Companies | PHIGuard",""
"https://phiguard.app/hipaa-software/solo-practitioners","200","https://phiguard.app/hipaa-software/solo-practitioners","text/html","","","https://phiguard.app/hipaa-software/solo-practitioners","HIPAA Software for Solo Practitioners | PHIGuard",""
"https://phiguard.app/hipaa-software/telehealth-providers","200","https://phiguard.app/hipaa-software/telehealth-providers","text/html","","","https://phiguard.app/hipaa-software/telehealth-providers","HIPAA Software for Telehealth | PHIGuard",""
"https://phiguard.app/hipaa-software/urgent-care-chains","200","https://phiguard.app/hipaa-software/urgent-care-chains","text/html","","","https://phiguard.app/hipaa-software/urgent-care-chains","HIPAA Software for Urgent Care Chains | PHIGuard",""
"https://phiguard.app/learn","200","https://phiguard.app/learn","text/html","","","https://phiguard.app/learn","Learn PHI and HIPAA Workflows | PHIGuard",""
"https://phiguard.app/learn/compliance-operations","200","https://phiguard.app/learn/compliance-operations","text/html","","","https://phiguard.app/learn/compliance-operations","Compliance Operations Hub | PHIGuard",""
"https://phiguard.app/learn/compliance-operations/42-cfr-part-2-vs-hipaa","200","https://phiguard.app/learn/compliance-operations/42-cfr-part-2-vs-hipaa","text/html","","","https://phiguard.app/learn/compliance-operations/42-cfr-part-2-vs-hipaa","42 CFR Part 2 vs. HIPAA: SUD Records for Clinics | PHIGuard",""
"https://phiguard.app/learn/compliance-operations/california-cmia-vs-hipaa","200","https://phiguard.app/learn/compliance-operations/california-cmia-vs-hipaa","text/html","","","https://phiguard.app/learn/compliance-operations/california-cmia-vs-hipaa","California CMIA vs. HIPAA: Key Differences | PHIGuard",""
"https://phiguard.app/learn/compliance-operations/clinic-compliance-calendar","200","https://phiguard.app/learn/compliance-operations/clinic-compliance-calendar","text/html","","","https://phiguard.app/learn/compliance-operations/clinic-compliance-calendar","How to Build a HIPAA Clinic Compliance Calendar | PHIGuard",""
"https://phiguard.app/learn/compliance-operations/ferpa-vs-hipaa","200","https://phiguard.app/learn/compliance-operations/ferpa-vs-hipaa","text/html","","","https://phiguard.app/learn/compliance-operations/ferpa-vs-hipaa","FERPA vs. HIPAA: School Clinics Explained | PHIGuard",""
"https://phiguard.app/learn/compliance-operations/hipaa-access-control-small-clinics","200","https://phiguard.app/learn/compliance-operations/hipaa-access-control-small-clinics","text/html","","","https://phiguard.app/learn/compliance-operations/hipaa-access-control-small-clinics","HIPAA Access Control for Small Clinics | PHIGuard",""
"https://phiguard.app/learn/compliance-operations/hipaa-administrative-safeguards","200","https://phiguard.app/learn/compliance-operations/hipaa-administrative-safeguards","text/html","","","https://phiguard.app/learn/compliance-operations/hipaa-administrative-safeguards","HIPAA Administrative Safeguards for Small Clinics | PHIGuard",""
"https://phiguard.app/learn/compliance-operations/hipaa-annual-review-checklist","200","https://phiguard.app/learn/compliance-operations/hipaa-annual-review-checklist","text/html","","","https://phiguard.app/learn/compliance-operations/hipaa-annual-review-checklist","HIPAA Annual Review Checklist | PHIGuard",""
"https://phiguard.app/learn/compliance-operations/hipaa-audit-log-requirements-small-clinics","200","https://phiguard.app/learn/compliance-operations/hipaa-audit-log-requirements-small-clinics","text/html","","","https://phiguard.app/learn/compliance-operations/hipaa-audit-log-requirements-small-clinics","HIPAA Audit Log Requirements for Small Clinics | PHIGuard",""
"https://phiguard.app/learn/compliance-operations/hipaa-breach-notification-templates","200","https://phiguard.app/learn/compliance-operations/hipaa-breach-notification-templates","text/html","","","https://phiguard.app/learn/compliance-operations/hipaa-breach-notification-templates","HIPAA Breach Notification Templates | PHIGuard",""
"https://phiguard.app/learn/compliance-operations/hipaa-business-continuity-planning","200","https://phiguard.app/learn/compliance-operations/hipaa-business-continuity-planning","text/html","","","https://phiguard.app/learn/compliance-operations/hipaa-business-continuity-planning","HIPAA Business Continuity Planning | PHIGuard",""
"https://phiguard.app/learn/compliance-operations/hipaa-compliance-for-new-covered-entities","200","https://phiguard.app/learn/compliance-operations/hipaa-compliance-for-new-covered-entities","text/html","","","https://phiguard.app/learn/compliance-operations/hipaa-compliance-for-new-covered-entities","HIPAA Compliance for New Covered Entities | PHIGuard",""
"https://phiguard.app/learn/compliance-operations/hipaa-contingency-planning","200","https://phiguard.app/learn/compliance-operations/hipaa-contingency-planning","text/html","","","https://phiguard.app/learn/compliance-operations/hipaa-contingency-planning","HIPAA Contingency Planning | PHIGuard",""
"https://phiguard.app/learn/compliance-operations/hipaa-during-staff-turnover","200","https://phiguard.app/learn/compliance-operations/hipaa-during-staff-turnover","text/html","","","https://phiguard.app/learn/compliance-operations/hipaa-during-staff-turnover","Managing HIPAA Compliance During Staff Turnover | PHIGuard",""
"https://phiguard.app/learn/compliance-operations/hipaa-evidence-retention-audit-readiness","200","https://phiguard.app/learn/compliance-operations/hipaa-evidence-retention-audit-readiness","text/html","","","https://phiguard.app/learn/compliance-operations/hipaa-evidence-retention-audit-readiness","HIPAA Evidence Retention and Audit Readiness | PHIGuard",""
"https://phiguard.app/learn/compliance-operations/hipaa-physical-safeguards","200","https://phiguard.app/learn/compliance-operations/hipaa-physical-safeguards","text/html","","","https://phiguard.app/learn/compliance-operations/hipaa-physical-safeguards","HIPAA Physical Safeguards for Small Clinics | PHIGuard",""
"https://phiguard.app/learn/compliance-operations/hipaa-policy-acknowledgement-workflows","200","https://phiguard.app/learn/compliance-operations/hipaa-policy-acknowledgement-workflows","text/html","","","https://phiguard.app/learn/compliance-operations/hipaa-policy-acknowledgement-workflows","HIPAA Policy Acknowledgement Workflows | PHIGuard",""
"https://phiguard.app/learn/compliance-operations/hipaa-sanctions-log-practical-guide","200","https://phiguard.app/learn/compliance-operations/hipaa-sanctions-log-practical-guide","text/html","","","https://phiguard.app/learn/compliance-operations/hipaa-sanctions-log-practical-guide","How to Maintain a HIPAA Sanctions Log in Practice | PHIGuard",""
"https://phiguard.app/learn/compliance-operations/hipaa-sanctions-policy","200","https://phiguard.app/learn/compliance-operations/hipaa-sanctions-policy","text/html","","","https://phiguard.app/learn/compliance-operations/hipaa-sanctions-policy","HIPAA Sanctions Policy Guide | PHIGuard",""
"https://phiguard.app/learn/compliance-operations/hipaa-technical-safeguards","200","https://phiguard.app/learn/compliance-operations/hipaa-technical-safeguards","text/html","","","https://phiguard.app/learn/compliance-operations/hipaa-technical-safeguards","HIPAA Technical Safeguards for Small Clinics | PHIGuard",""
"https://phiguard.app/learn/compliance-operations/hipaa-vs-new-york-shield","200","https://phiguard.app/learn/compliance-operations/hipaa-vs-new-york-shield","text/html","","","https://phiguard.app/learn/compliance-operations/hipaa-vs-new-york-shield","HIPAA vs the New York SHIELD Act | PHIGuard",""
"https://phiguard.app/learn/compliance-operations/hipaa-workforce-security-awareness","200","https://phiguard.app/learn/compliance-operations/hipaa-workforce-security-awareness","text/html","","","https://phiguard.app/learn/compliance-operations/hipaa-workforce-security-awareness","Workforce HIPAA Security Awareness Checks | PHIGuard",""
"https://phiguard.app/learn/compliance-operations/how-small-clinics-track-vendor-baas","200","https://phiguard.app/learn/compliance-operations/how-small-clinics-track-vendor-baas","text/html","","","https://phiguard.app/learn/compliance-operations/how-small-clinics-track-vendor-baas","How Small Clinics Should Track Vendor BAAs | PHIGuard",""
"https://phiguard.app/learn/compliance-operations/how-to-operationalize-hipaa-tasks-without-spreadsheets","200","https://phiguard.app/learn/compliance-operations/how-to-operationalize-hipaa-tasks-without-spreadsheets","text/html","","","https://phiguard.app/learn/compliance-operations/how-to-operationalize-hipaa-tasks-without-spreadsheets","HIPAA Tasks Without Spreadsheets | PHIGuard",""
"https://phiguard.app/learn/compliance-operations/multi-location-hipaa-rollout","200","https://phiguard.app/learn/compliance-operations/multi-location-hipaa-rollout","text/html","","","https://phiguard.app/learn/compliance-operations/multi-location-hipaa-rollout","Multi-Location HIPAA Rollout Guide | PHIGuard",""
"https://phiguard.app/learn/compliance-operations/ocr-enforcement-patterns-small-providers","200","https://phiguard.app/learn/compliance-operations/ocr-enforcement-patterns-small-providers","text/html","","","https://phiguard.app/learn/compliance-operations/ocr-enforcement-patterns-small-providers","OCR Enforcement Patterns for Small Providers | PHIGuard",""
"https://phiguard.app/learn/compliance-operations/policy-review-workflow","200","https://phiguard.app/learn/compliance-operations/policy-review-workflow","text/html","","","https://phiguard.app/learn/compliance-operations/policy-review-workflow","How to Build a HIPAA Policy Review Workflow | PHIGuard",""
"https://phiguard.app/learn/compliance-operations/prepare-for-ocr-complaint","200","https://phiguard.app/learn/compliance-operations/prepare-for-ocr-complaint","text/html","","","https://phiguard.app/learn/compliance-operations/prepare-for-ocr-complaint","How to Prepare for an OCR Complaint | PHIGuard",""
"https://phiguard.app/learn/compliance-operations/quarterly-hipaa-meeting","200","https://phiguard.app/learn/compliance-operations/quarterly-hipaa-meeting","text/html","","","https://phiguard.app/learn/compliance-operations/quarterly-hipaa-meeting","How to Run a Quarterly HIPAA Compliance Meeting | PHIGuard",""
"https://phiguard.app/learn/compliance-operations/recurring-hipaa-tasks","200","https://phiguard.app/learn/compliance-operations/recurring-hipaa-tasks","text/html","","","https://phiguard.app/learn/compliance-operations/recurring-hipaa-tasks","How to Set Recurring HIPAA Compliance Tasks | PHIGuard",""
"https://phiguard.app/learn/compliance-operations/review-npp-workflow","200","https://phiguard.app/learn/compliance-operations/review-npp-workflow","text/html","","","https://phiguard.app/learn/compliance-operations/review-npp-workflow","Review Your NPP and Patient-Rights Workflow | PHIGuard",""
"https://phiguard.app/learn/compliance-operations/texas-hb-300-vs-hipaa","200","https://phiguard.app/learn/compliance-operations/texas-hb-300-vs-hipaa","text/html","","","https://phiguard.app/learn/compliance-operations/texas-hb-300-vs-hipaa","Texas HB 300 vs. HIPAA: What Clinics Must Know | PHIGuard",""
"https://phiguard.app/learn/compliance-operations/workstation-use-policy-small-clinic","200","https://phiguard.app/learn/compliance-operations/workstation-use-policy-small-clinic","text/html","","","https://phiguard.app/learn/compliance-operations/workstation-use-policy-small-clinic","Workstation Use Policy (HIPAA) | PHIGuard",""
"https://phiguard.app/learn/hipaa-basics","200","https://phiguard.app/learn/hipaa-basics","text/html","","","https://phiguard.app/learn/hipaa-basics","HIPAA Basics for Small Clinics | PHIGuard",""
"https://phiguard.app/learn/hipaa-basics/covered-entity-vs-business-associate","200","https://phiguard.app/learn/hipaa-basics/covered-entity-vs-business-associate","text/html","","","https://phiguard.app/learn/hipaa-basics/covered-entity-vs-business-associate","Covered Entity vs Business Associate | PHIGuard",""
"https://phiguard.app/learn/hipaa-basics/hipaa-compliance-checklist-small-clinics","200","https://phiguard.app/learn/hipaa-basics/hipaa-compliance-checklist-small-clinics","text/html","","","https://phiguard.app/learn/hipaa-basics/hipaa-compliance-checklist-small-clinics","HIPAA Compliance Checklist for Small Clinics | PHIGuard",""
"https://phiguard.app/learn/hipaa-basics/hipaa-compliance-roadmap-new-clinics","200","https://phiguard.app/learn/hipaa-basics/hipaa-compliance-roadmap-new-clinics","text/html","","","https://phiguard.app/learn/hipaa-basics/hipaa-compliance-roadmap-new-clinics","HIPAA Roadmap for New Clinics | PHIGuard",""
"https://phiguard.app/learn/hipaa-basics/hipaa-compliance-software-explained","200","https://phiguard.app/learn/hipaa-basics/hipaa-compliance-software-explained","text/html","","","https://phiguard.app/learn/hipaa-basics/hipaa-compliance-software-explained","HIPAA Compliance Software Explained for Clinics | PHIGuard",""
"https://phiguard.app/learn/hipaa-basics/hipaa-compliance-training-for-small-clinics","200","https://phiguard.app/learn/hipaa-basics/hipaa-compliance-training-for-small-clinics","text/html","","","https://phiguard.app/learn/hipaa-basics/hipaa-compliance-training-for-small-clinics","HIPAA Compliance Training for Small Clinics | PHIGuard",""
"https://phiguard.app/learn/hipaa-basics/hipaa-definition","200","https://phiguard.app/learn/hipaa-basics/hipaa-definition","text/html","","","https://phiguard.app/learn/hipaa-basics/hipaa-definition","HIPAA Definition: What HIPAA Stands For | PHIGuard",""
"https://phiguard.app/learn/hipaa-basics/hipaa-for-office-managers","200","https://phiguard.app/learn/hipaa-basics/hipaa-for-office-managers","text/html","","","https://phiguard.app/learn/hipaa-basics/hipaa-for-office-managers","HIPAA for Office Managers | PHIGuard",""
"https://phiguard.app/learn/hipaa-basics/hipaa-meaning-and-history","200","https://phiguard.app/learn/hipaa-basics/hipaa-meaning-and-history","text/html","","","https://phiguard.app/learn/hipaa-basics/hipaa-meaning-and-history","HIPAA Meaning and History: 1996 to Today | PHIGuard",""
"https://phiguard.app/learn/hipaa-basics/hipaa-privacy-rule-explained","200","https://phiguard.app/learn/hipaa-basics/hipaa-privacy-rule-explained","text/html","","","https://phiguard.app/learn/hipaa-basics/hipaa-privacy-rule-explained","HIPAA Privacy Rule Explained for Small Clinics | PHIGuard",""
"https://phiguard.app/learn/hipaa-basics/hipaa-remote-workers","200","https://phiguard.app/learn/hipaa-basics/hipaa-remote-workers","text/html","","","https://phiguard.app/learn/hipaa-basics/hipaa-remote-workers","HIPAA for Remote Workers | PHIGuard",""
"https://phiguard.app/learn/hipaa-basics/hipaa-security-rule-explained","200","https://phiguard.app/learn/hipaa-basics/hipaa-security-rule-explained","text/html","","","https://phiguard.app/learn/hipaa-basics/hipaa-security-rule-explained","HIPAA Security Rule Explained for Clinics | PHIGuard",""
"https://phiguard.app/learn/hipaa-basics/hipaa-subcontractors-guide","200","https://phiguard.app/learn/hipaa-basics/hipaa-subcontractors-guide","text/html","","","https://phiguard.app/learn/hipaa-basics/hipaa-subcontractors-guide","When HIPAA Applies to Subcontractors | PHIGuard",""
"https://phiguard.app/learn/hipaa-basics/hipaa-task-management","200","https://phiguard.app/learn/hipaa-basics/hipaa-task-management","text/html","","","https://phiguard.app/learn/hipaa-basics/hipaa-task-management","HIPAA Task Management | PHIGuard",""
"https://phiguard.app/learn/hipaa-basics/hipaa-violations-examples-and-penalties","200","https://phiguard.app/learn/hipaa-basics/hipaa-violations-examples-and-penalties","text/html","","","https://phiguard.app/learn/hipaa-basics/hipaa-violations-examples-and-penalties","HIPAA Violations: Examples and Penalty Tiers | PHIGuard",""
"https://phiguard.app/learn/hipaa-basics/hitech-act-explained","200","https://phiguard.app/learn/hipaa-basics/hitech-act-explained","text/html","","","https://phiguard.app/learn/hipaa-basics/hitech-act-explained","HITECH Act Explained for Small Clinics | PHIGuard",""
"https://phiguard.app/learn/hipaa-basics/minimum-necessary-standard","200","https://phiguard.app/learn/hipaa-basics/minimum-necessary-standard","text/html","","","https://phiguard.app/learn/hipaa-basics/minimum-necessary-standard","Minimum Necessary Standard Under HIPAA | PHIGuard",""
"https://phiguard.app/learn/hipaa-basics/patient-name-appointment-date-phi","200","https://phiguard.app/learn/hipaa-basics/patient-name-appointment-date-phi","text/html","","","https://phiguard.app/learn/hipaa-basics/patient-name-appointment-date-phi","Is Patient Name Plus Appointment Date PHI? | PHIGuard",""
"https://phiguard.app/learn/hipaa-basics/patient-records-requests-hipaa","200","https://phiguard.app/learn/hipaa-basics/patient-records-requests-hipaa","text/html","","","https://phiguard.app/learn/hipaa-basics/patient-records-requests-hipaa","Patient Record Requests Under HIPAA | PHIGuard",""
"https://phiguard.app/learn/hipaa-basics/phi-meaning","200","https://phiguard.app/learn/hipaa-basics/phi-meaning","text/html","","","https://phiguard.app/learn/hipaa-basics/phi-meaning","PHI Meaning: What PHI Stands For | PHIGuard",""
"https://phiguard.app/learn/hipaa-basics/what-is-an-audit-trail-under-hipaa","200","https://phiguard.app/learn/hipaa-basics/what-is-an-audit-trail-under-hipaa","text/html","","","https://phiguard.app/learn/hipaa-basics/what-is-an-audit-trail-under-hipaa","What Is an Audit Trail Under HIPAA? | PHIGuard",""
"https://phiguard.app/learn/hipaa-basics/what-is-phi","200","https://phiguard.app/learn/hipaa-basics/what-is-phi","text/html","","","https://phiguard.app/learn/hipaa-basics/what-is-phi","What Counts as PHI in a Small Clinic | PHIGuard",""
"https://phiguard.app/learn/hipaa-basics/what-is-pii-personally-identifiable-information","200","https://phiguard.app/learn/hipaa-basics/what-is-pii-personally-identifiable-information","text/html","","","https://phiguard.app/learn/hipaa-basics/what-is-pii-personally-identifiable-information","PII Meaning: Examples and Definition | PHIGuard",""
"https://phiguard.app/learn/incident-response","200","https://phiguard.app/learn/incident-response","text/html","","","https://phiguard.app/learn/incident-response","HIPAA Incident Response Hub | PHIGuard",""
"https://phiguard.app/learn/incident-response/change-healthcare-data-breach-lessons","200","https://phiguard.app/learn/incident-response/change-healthcare-data-breach-lessons","text/html","","","https://phiguard.app/learn/incident-response/change-healthcare-data-breach-lessons","Change Healthcare Breach Lessons | PHIGuard",""
"https://phiguard.app/learn/incident-response/four-factor-breach-risk-assessment","200","https://phiguard.app/learn/incident-response/four-factor-breach-risk-assessment","text/html","","","https://phiguard.app/learn/incident-response/four-factor-breach-risk-assessment","The Four-Factor Breach Risk Assessment | PHIGuard",""
"https://phiguard.app/learn/incident-response/hipaa-breach-fines-explained","200","https://phiguard.app/learn/incident-response/hipaa-breach-fines-explained","text/html","","","https://phiguard.app/learn/incident-response/hipaa-breach-fines-explained","HIPAA Breach Fines Explained: OCR Penalty Tiers | PHIGuard",""
"https://phiguard.app/learn/incident-response/hipaa-breach-notification-timelines","200","https://phiguard.app/learn/incident-response/hipaa-breach-notification-timelines","text/html","","","https://phiguard.app/learn/incident-response/hipaa-breach-notification-timelines","HIPAA Breach Notification Timelines | PHIGuard",""
"https://phiguard.app/learn/incident-response/hipaa-incident-classification-framework","200","https://phiguard.app/learn/incident-response/hipaa-incident-classification-framework","text/html","","","https://phiguard.app/learn/incident-response/hipaa-incident-classification-framework","How to Classify HIPAA Incidents | PHIGuard",""
"https://phiguard.app/learn/incident-response/hipaa-incident-examples-small-clinics","200","https://phiguard.app/learn/incident-response/hipaa-incident-examples-small-clinics","text/html","","","https://phiguard.app/learn/incident-response/hipaa-incident-examples-small-clinics","HIPAA Incident Examples for Small Clinics | PHIGuard",""
"https://phiguard.app/learn/incident-response/how-to-report-a-hipaa-violation","200","https://phiguard.app/learn/incident-response/how-to-report-a-hipaa-violation","text/html","","","https://phiguard.app/learn/incident-response/how-to-report-a-hipaa-violation","How to Report a HIPAA Violation to OCR | PHIGuard",""
"https://phiguard.app/learn/incident-response/tabletop-exercises-for-hipaa-incident-response","200","https://phiguard.app/learn/incident-response/tabletop-exercises-for-hipaa-incident-response","text/html","","","https://phiguard.app/learn/incident-response/tabletop-exercises-for-hipaa-incident-response","HIPAA Tabletop Exercises | PHIGuard",""
"https://phiguard.app/learn/incident-response/triage-suspected-hipaa-incidents","200","https://phiguard.app/learn/incident-response/triage-suspected-hipaa-incidents","text/html","","","https://phiguard.app/learn/incident-response/triage-suspected-hipaa-incidents","How to Triage Suspected HIPAA Incidents | PHIGuard",""
"https://phiguard.app/learn/incident-response/what-counts-as-a-hipaa-breach","200","https://phiguard.app/learn/incident-response/what-counts-as-a-hipaa-breach","text/html","","","https://phiguard.app/learn/incident-response/what-counts-as-a-hipaa-breach","What Counts as a HIPAA Breach | PHIGuard",""
"https://phiguard.app/learn/phi-fundamentals","200","https://phiguard.app/learn/phi-fundamentals","text/html","","","https://phiguard.app/learn/phi-fundamentals","PHI Fundamentals | PHIGuard",""
"https://phiguard.app/learn/phi-fundamentals/18-hipaa-identifiers","200","https://phiguard.app/learn/phi-fundamentals/18-hipaa-identifiers","text/html","","","https://phiguard.app/learn/phi-fundamentals/18-hipaa-identifiers","18 HIPAA Identifiers | PHIGuard",""
"https://phiguard.app/learn/phi-fundamentals/de-identified-data-vs-phi","200","https://phiguard.app/learn/phi-fundamentals/de-identified-data-vs-phi","text/html","","","https://phiguard.app/learn/phi-fundamentals/de-identified-data-vs-phi","De-Identified Data vs PHI | PHIGuard",""
"https://phiguard.app/learn/phi-fundamentals/designated-record-set","200","https://phiguard.app/learn/phi-fundamentals/designated-record-set","text/html","","","https://phiguard.app/learn/phi-fundamentals/designated-record-set","Designated Record Set | PHIGuard",""
"https://phiguard.app/learn/phi-fundamentals/ephi-explained","200","https://phiguard.app/learn/phi-fundamentals/ephi-explained","text/html","","","https://phiguard.app/learn/phi-fundamentals/ephi-explained","ePHI Explained: Safeguards for Clinics | PHIGuard",""
"https://phiguard.app/learn/phi-fundamentals/ephi-vs-phi-differences","200","https://phiguard.app/learn/phi-fundamentals/ephi-vs-phi-differences","text/html","","","https://phiguard.app/learn/phi-fundamentals/ephi-vs-phi-differences","ePHI vs PHI: Key Differences (HIPAA) | PHIGuard",""
"https://phiguard.app/learn/phi-fundamentals/hipaa-minimum-necessary-rule","200","https://phiguard.app/learn/phi-fundamentals/hipaa-minimum-necessary-rule","text/html","","","https://phiguard.app/learn/phi-fundamentals/hipaa-minimum-necessary-rule","HIPAA Minimum Necessary Rule for Clinics | PHIGuard",""
"https://phiguard.app/learn/phi-fundamentals/incidental-disclosure","200","https://phiguard.app/learn/phi-fundamentals/incidental-disclosure","text/html","","","https://phiguard.app/learn/phi-fundamentals/incidental-disclosure","Incidental Disclosure | PHIGuard",""
"https://phiguard.app/learn/phi-fundamentals/limited-data-set","200","https://phiguard.app/learn/phi-fundamentals/limited-data-set","text/html","","","https://phiguard.app/learn/phi-fundamentals/limited-data-set","Limited Data Set | PHIGuard",""
"https://phiguard.app/learn/phi-fundamentals/phi-examples","200","https://phiguard.app/learn/phi-fundamentals/phi-examples","text/html","","","https://phiguard.app/learn/phi-fundamentals/phi-examples","PHI Examples | PHIGuard",""
"https://phiguard.app/learn/phi-fundamentals/phi-in-photographs-and-recordings","200","https://phiguard.app/learn/phi-fundamentals/phi-in-photographs-and-recordings","text/html","","","https://phiguard.app/learn/phi-fundamentals/phi-in-photographs-and-recordings","PHI in Photographs and Audio/Video Recordings | PHIGuard",""
"https://phiguard.app/learn/phi-fundamentals/phi-vs-pii","200","https://phiguard.app/learn/phi-fundamentals/phi-vs-pii","text/html","","","https://phiguard.app/learn/phi-fundamentals/phi-vs-pii","PHI vs PII | PHIGuard",""
"https://phiguard.app/learn/phi-fundamentals/pii-data-examples","200","https://phiguard.app/learn/phi-fundamentals/pii-data-examples","text/html","","","https://phiguard.app/learn/phi-fundamentals/pii-data-examples","PII Data Examples: What Counts as PII | PHIGuard",""
"https://phiguard.app/learn/phi-fundamentals/safe-harbor-de-identification-guide","200","https://phiguard.app/learn/phi-fundamentals/safe-harbor-de-identification-guide","text/html","","","https://phiguard.app/learn/phi-fundamentals/safe-harbor-de-identification-guide","Safe Harbor De-Identification for Small Clinics | PHIGuard",""
"https://phiguard.app/learn/phi-fundamentals/what-does-phi-stand-for","200","https://phiguard.app/learn/phi-fundamentals/what-does-phi-stand-for","text/html","","","https://phiguard.app/learn/phi-fundamentals/what-does-phi-stand-for","What Does PHI Stand For? (Plain Answer) | PHIGuard",""
"https://phiguard.app/learn/phi-fundamentals/what-is-ephi","200","https://phiguard.app/learn/phi-fundamentals/what-is-ephi","text/html","","","https://phiguard.app/learn/phi-fundamentals/what-is-ephi","What Is ePHI? | PHIGuard",""
"https://phiguard.app/learn/phi-tools-vendors","200","https://phiguard.app/learn/phi-tools-vendors","text/html","","","https://phiguard.app/learn/phi-tools-vendors","PHI Tools and Vendors | PHIGuard",""
"https://phiguard.app/learn/phi-workflows","200","https://phiguard.app/learn/phi-workflows","text/html","","","https://phiguard.app/learn/phi-workflows","PHI Workflows | PHIGuard",""
"https://phiguard.app/learn/phi-workflows/admin-tasks-vs-patient-chart-work","200","https://phiguard.app/learn/phi-workflows/admin-tasks-vs-patient-chart-work","text/html","","","https://phiguard.app/learn/phi-workflows/admin-tasks-vs-patient-chart-work","Admin Tasks vs Patient-Chart Work | PHIGuard",""
"https://phiguard.app/learn/phi-workflows/handle-shared-inboxes-phi","200","https://phiguard.app/learn/phi-workflows/handle-shared-inboxes-phi","text/html","","","https://phiguard.app/learn/phi-workflows/handle-shared-inboxes-phi","How to Handle Shared Inboxes That Contain PHI | PHIGuard",""
"https://phiguard.app/learn/phi-workflows/hipaa-compliant-email-providers-explained","200","https://phiguard.app/learn/phi-workflows/hipaa-compliant-email-providers-explained","text/html","","","https://phiguard.app/learn/phi-workflows/hipaa-compliant-email-providers-explained","HIPAA Compliant Email Providers Explained | PHIGuard",""
"https://phiguard.app/learn/phi-workflows/hipaa-compliant-online-fax-services-explained","200","https://phiguard.app/learn/phi-workflows/hipaa-compliant-online-fax-services-explained","text/html","","","https://phiguard.app/learn/phi-workflows/hipaa-compliant-online-fax-services-explained","HIPAA Compliant Online Fax Services Explained | PHIGuard",""
"https://phiguard.app/learn/phi-workflows/hipaa-compliant-telehealth-platforms-explained","200","https://phiguard.app/learn/phi-workflows/hipaa-compliant-telehealth-platforms-explained","text/html","","","https://phiguard.app/learn/phi-workflows/hipaa-compliant-telehealth-platforms-explained","HIPAA Compliant Telehealth Platforms Explained | PHIGuard",""
"https://phiguard.app/learn/phi-workflows/phi-in-ai-tools","200","https://phiguard.app/learn/phi-workflows/phi-in-ai-tools","text/html","","","https://phiguard.app/learn/phi-workflows/phi-in-ai-tools","PHI in AI Tools | PHIGuard",""
"https://phiguard.app/learn/phi-workflows/phi-in-billing-and-coding-workflows","200","https://phiguard.app/learn/phi-workflows/phi-in-billing-and-coding-workflows","text/html","","","https://phiguard.app/learn/phi-workflows/phi-in-billing-and-coding-workflows","PHI in Billing and Coding Workflows | PHIGuard",""
"https://phiguard.app/learn/phi-workflows/phi-in-cloud-storage","200","https://phiguard.app/learn/phi-workflows/phi-in-cloud-storage","text/html","","","https://phiguard.app/learn/phi-workflows/phi-in-cloud-storage","PHI in Cloud Storage | PHIGuard",""
"https://phiguard.app/learn/phi-workflows/phi-in-crm-records","200","https://phiguard.app/learn/phi-workflows/phi-in-crm-records","text/html","","","https://phiguard.app/learn/phi-workflows/phi-in-crm-records","PHI in CRM Records: HubSpot, Salesforce, Risk | PHIGuard",""
"https://phiguard.app/learn/phi-workflows/phi-in-email","200","https://phiguard.app/learn/phi-workflows/phi-in-email","text/html","","","https://phiguard.app/learn/phi-workflows/phi-in-email","PHI in Email | PHIGuard",""
"https://phiguard.app/learn/phi-workflows/phi-in-fax","200","https://phiguard.app/learn/phi-workflows/phi-in-fax","text/html","","","https://phiguard.app/learn/phi-workflows/phi-in-fax","PHI in Fax | PHIGuard",""
"https://phiguard.app/learn/phi-workflows/phi-in-imaging-workflows","200","https://phiguard.app/learn/phi-workflows/phi-in-imaging-workflows","text/html","","","https://phiguard.app/learn/phi-workflows/phi-in-imaging-workflows","PHI in Imaging Workflows | PHIGuard",""
"https://phiguard.app/learn/phi-workflows/phi-in-mobile-devices-byod","200","https://phiguard.app/learn/phi-workflows/phi-in-mobile-devices-byod","text/html","","","https://phiguard.app/learn/phi-workflows/phi-in-mobile-devices-byod","PHI on Mobile Devices: BYOD HIPAA Controls | PHIGuard",""
"https://phiguard.app/learn/phi-workflows/phi-in-paper-records","200","https://phiguard.app/learn/phi-workflows/phi-in-paper-records","text/html","","","https://phiguard.app/learn/phi-workflows/phi-in-paper-records","PHI in Paper Records | PHIGuard",""
"https://phiguard.app/learn/phi-workflows/phi-in-referral-coordination","200","https://phiguard.app/learn/phi-workflows/phi-in-referral-coordination","text/html","","","https://phiguard.app/learn/phi-workflows/phi-in-referral-coordination","PHI in Referral Coordination | PHIGuard",""
"https://phiguard.app/learn/phi-workflows/phi-in-scheduling-and-intake-forms","200","https://phiguard.app/learn/phi-workflows/phi-in-scheduling-and-intake-forms","text/html","","","https://phiguard.app/learn/phi-workflows/phi-in-scheduling-and-intake-forms","PHI in Scheduling and Intake Forms | PHIGuard",""
"https://phiguard.app/learn/phi-workflows/phi-in-shared-calendars","200","https://phiguard.app/learn/phi-workflows/phi-in-shared-calendars","text/html","","","https://phiguard.app/learn/phi-workflows/phi-in-shared-calendars","PHI in Shared Calendars: Titles, Attendees, Risk | PHIGuard",""
"https://phiguard.app/learn/phi-workflows/phi-in-slack-dms","200","https://phiguard.app/learn/phi-workflows/phi-in-slack-dms","text/html","","","https://phiguard.app/learn/phi-workflows/phi-in-slack-dms","PHI in Slack DMs: Risks and BAA Rules | PHIGuard",""
"https://phiguard.app/learn/phi-workflows/phi-in-spreadsheets","200","https://phiguard.app/learn/phi-workflows/phi-in-spreadsheets","text/html","","","https://phiguard.app/learn/phi-workflows/phi-in-spreadsheets","PHI in Spreadsheets | PHIGuard",""
"https://phiguard.app/learn/phi-workflows/phi-in-task-comments-and-notifications","200","https://phiguard.app/learn/phi-workflows/phi-in-task-comments-and-notifications","text/html","","","https://phiguard.app/learn/phi-workflows/phi-in-task-comments-and-notifications","PHI in Task Comments and Notifications | PHIGuard",""
"https://phiguard.app/learn/phi-workflows/phi-in-text-messaging","200","https://phiguard.app/learn/phi-workflows/phi-in-text-messaging","text/html","","","https://phiguard.app/learn/phi-workflows/phi-in-text-messaging","PHI in Text Messaging | PHIGuard",""
"https://phiguard.app/learn/phi-workflows/phi-in-voicemail","200","https://phiguard.app/learn/phi-workflows/phi-in-voicemail","text/html","","","https://phiguard.app/learn/phi-workflows/phi-in-voicemail","PHI in Voicemail | PHIGuard",""
"https://phiguard.app/learn/phi-workflows/phi-in-zoom-meetings","200","https://phiguard.app/learn/phi-workflows/phi-in-zoom-meetings","text/html","","","https://phiguard.app/learn/phi-workflows/phi-in-zoom-meetings","PHI in Zoom Meetings: BAA, Settings, Risks | PHIGuard",""
"https://phiguard.app/learn/risk-analysis","200","https://phiguard.app/learn/risk-analysis","text/html","","","https://phiguard.app/learn/risk-analysis","HIPAA Risk Analysis Hub | PHIGuard",""
"https://phiguard.app/learn/risk-analysis/asset-inventory-for-small-clinics","200","https://phiguard.app/learn/risk-analysis/asset-inventory-for-small-clinics","text/html","","","https://phiguard.app/learn/risk-analysis/asset-inventory-for-small-clinics","HIPAA Asset Inventory for Clinics | PHIGuard",""
"https://phiguard.app/learn/risk-analysis/common-small-clinic-risk-analysis-mistakes","200","https://phiguard.app/learn/risk-analysis/common-small-clinic-risk-analysis-mistakes","text/html","","","https://phiguard.app/learn/risk-analysis/common-small-clinic-risk-analysis-mistakes","Common Small-Clinic Risk Analysis Mistakes | PHIGuard",""
"https://phiguard.app/learn/risk-analysis/hipaa-risk-register-guide","200","https://phiguard.app/learn/risk-analysis/hipaa-risk-register-guide","text/html","","","https://phiguard.app/learn/risk-analysis/hipaa-risk-register-guide","How to Build and Maintain a HIPAA Risk Register | PHIGuard",""
"https://phiguard.app/learn/risk-analysis/how-to-do-a-hipaa-risk-analysis","200","https://phiguard.app/learn/risk-analysis/how-to-do-a-hipaa-risk-analysis","text/html","","","https://phiguard.app/learn/risk-analysis/how-to-do-a-hipaa-risk-analysis","How to Do a HIPAA Risk Analysis | PHIGuard",""
"https://phiguard.app/learn/risk-analysis/risk-analysis-frequency-and-triggers","200","https://phiguard.app/learn/risk-analysis/risk-analysis-frequency-and-triggers","text/html","","","https://phiguard.app/learn/risk-analysis/risk-analysis-frequency-and-triggers","Risk Analysis Frequency and Triggers | PHIGuard",""
"https://phiguard.app/learn/risk-analysis/risk-analysis-vs-risk-management","200","https://phiguard.app/learn/risk-analysis/risk-analysis-vs-risk-management","text/html","","","https://phiguard.app/learn/risk-analysis/risk-analysis-vs-risk-management","Risk Analysis vs. Risk Management Under HIPAA | PHIGuard",""
"https://phiguard.app/learn/vendor-management","200","https://phiguard.app/learn/vendor-management","text/html","","","https://phiguard.app/learn/vendor-management","Vendor Management and BAAs Hub | PHIGuard",""
"https://phiguard.app/learn/vendor-management/ai-tools-hipaa-vendor-review","200","https://phiguard.app/learn/vendor-management/ai-tools-hipaa-vendor-review","text/html","","","https://phiguard.app/learn/vendor-management/ai-tools-hipaa-vendor-review","AI Tools and HIPAA Vendor Review | PHIGuard",""
"https://phiguard.app/learn/vendor-management/business-associate-questionnaire","200","https://phiguard.app/learn/vendor-management/business-associate-questionnaire","text/html","","","https://phiguard.app/learn/vendor-management/business-associate-questionnaire","Business Associate Review Questionnaire | PHIGuard",""
"https://phiguard.app/learn/vendor-management/hipaa-compliance-software-pricing","200","https://phiguard.app/learn/vendor-management/hipaa-compliance-software-pricing","text/html","","","https://phiguard.app/learn/vendor-management/hipaa-compliance-software-pricing","HIPAA Compliance Software Pricing | PHIGuard",""
"https://phiguard.app/learn/vendor-management/hipaa-subprocessor-risk-review","200","https://phiguard.app/learn/vendor-management/hipaa-subprocessor-risk-review","text/html","","","https://phiguard.app/learn/vendor-management/hipaa-subprocessor-risk-review","Reviewing Subprocessors in Your Vendor Agreements | PHIGuard",""
"https://phiguard.app/learn/vendor-management/how-to-audit-vendor-hipaa-claims","200","https://phiguard.app/learn/vendor-management/how-to-audit-vendor-hipaa-claims","text/html","","","https://phiguard.app/learn/vendor-management/how-to-audit-vendor-hipaa-claims","How to Audit a Vendor&#39;s HIPAA Claims | PHIGuard",""
"https://phiguard.app/learn/vendor-management/how-to-negotiate-a-baa","200","https://phiguard.app/learn/vendor-management/how-to-negotiate-a-baa","text/html","","","https://phiguard.app/learn/vendor-management/how-to-negotiate-a-baa","How to Negotiate a Business Associate Agreement | PHIGuard",""
"https://phiguard.app/learn/vendor-management/track-baa-renewals","200","https://phiguard.app/learn/vendor-management/track-baa-renewals","text/html","","","https://phiguard.app/learn/vendor-management/track-baa-renewals","How to Track Expiring BAAs and Vendor Renewals | PHIGuard",""
"https://phiguard.app/learn/vendor-management/when-a-vendor-needs-a-baa","200","https://phiguard.app/learn/vendor-management/when-a-vendor-needs-a-baa","text/html","","","https://phiguard.app/learn/vendor-management/when-a-vendor-needs-a-baa","When a Vendor Needs a BAA | PHIGuard",""
"https://phiguard.app/learn/workforce-training","200","https://phiguard.app/learn/workforce-training","text/html","","","https://phiguard.app/learn/workforce-training","Workforce Training and Access Hub | PHIGuard",""
"https://phiguard.app/learn/workforce-training/access-by-role-front-desk-vs-clinical","200","https://phiguard.app/learn/workforce-training/access-by-role-front-desk-vs-clinical","text/html","","","https://phiguard.app/learn/workforce-training/access-by-role-front-desk-vs-clinical","HIPAA Access by Role | PHIGuard",""
"https://phiguard.app/learn/workforce-training/access-review-and-offboarding-checklist","200","https://phiguard.app/learn/workforce-training/access-review-and-offboarding-checklist","text/html","","","https://phiguard.app/learn/workforce-training/access-review-and-offboarding-checklist","Access Review and Offboarding Checklist | PHIGuard",""
"https://phiguard.app/learn/workforce-training/build-clinic-training-matrix","200","https://phiguard.app/learn/workforce-training/build-clinic-training-matrix","text/html","","","https://phiguard.app/learn/workforce-training/build-clinic-training-matrix","Build a HIPAA Training Matrix | PHIGuard",""
"https://phiguard.app/learn/workforce-training/hipaa-certification-explained","200","https://phiguard.app/learn/workforce-training/hipaa-certification-explained","text/html","","","https://phiguard.app/learn/workforce-training/hipaa-certification-explained","HIPAA Certification Explained | PHIGuard",""
"https://phiguard.app/learn/workforce-training/hipaa-for-contractors-and-locums","200","https://phiguard.app/learn/workforce-training/hipaa-for-contractors-and-locums","text/html","","","https://phiguard.app/learn/workforce-training/hipaa-for-contractors-and-locums","HIPAA for Contractors and Locums | PHIGuard",""
"https://phiguard.app/learn/workforce-training/hipaa-for-solo-practitioners","200","https://phiguard.app/learn/workforce-training/hipaa-for-solo-practitioners","text/html","","","https://phiguard.app/learn/workforce-training/hipaa-for-solo-practitioners","HIPAA for Solo Practitioners | PHIGuard",""
"https://phiguard.app/learn/workforce-training/hipaa-training-requirements-for-employees","200","https://phiguard.app/learn/workforce-training/hipaa-training-requirements-for-employees","text/html","","","https://phiguard.app/learn/workforce-training/hipaa-training-requirements-for-employees","HIPAA Training Requirements for Employees | PHIGuard",""
"https://phiguard.app/learn/workforce-training/new-hire-hipaa-onboarding-checklist","200","https://phiguard.app/learn/workforce-training/new-hire-hipaa-onboarding-checklist","text/html","","","https://phiguard.app/learn/workforce-training/new-hire-hipaa-onboarding-checklist","New-Hire HIPAA Onboarding Checklist | PHIGuard",""
"https://phiguard.app/learn/workforce-training/remove-access-terminated-employees","200","https://phiguard.app/learn/workforce-training/remove-access-terminated-employees","text/html","","","https://phiguard.app/learn/workforce-training/remove-access-terminated-employees","Remove Access for Terminated Employees | PHIGuard",""
"https://phiguard.app/partners","200","https://phiguard.app/partners","text/html","","","https://phiguard.app/partners","Partner Program | PHIGuard",""
"https://phiguard.app/practice-types","200","https://phiguard.app/practice-types","text/html","","","https://phiguard.app/practice-types","HIPAA Software by Practice Type | PHIGuard",""
"https://phiguard.app/practice-types/addiction-medicine-practice","200","https://phiguard.app/practice-types/addiction-medicine-practice","text/html","","","https://phiguard.app/practice-types/addiction-medicine-practice","PHIGuard for Addiction Medicine Practices | PHIGuard",""
"https://phiguard.app/practice-types/ambulatory-surgery-centers","200","https://phiguard.app/practice-types/ambulatory-surgery-centers","text/html","","","https://phiguard.app/practice-types/ambulatory-surgery-centers","PHIGuard for Ambulatory Surgery Centers | PHIGuard",""
"https://phiguard.app/practice-types/assisted-living-practice","200","https://phiguard.app/practice-types/assisted-living-practice","text/html","","","https://phiguard.app/practice-types/assisted-living-practice","PHIGuard for Assisted Living Facilities | PHIGuard",""
"https://phiguard.app/practice-types/cardiology-practice","200","https://phiguard.app/practice-types/cardiology-practice","text/html","","","https://phiguard.app/practice-types/cardiology-practice","PHIGuard for Cardiology Practices | PHIGuard",""
"https://phiguard.app/practice-types/chiropractic-practice","200","https://phiguard.app/practice-types/chiropractic-practice","text/html","","","https://phiguard.app/practice-types/chiropractic-practice","PHIGuard for Chiropractic Practices | PHIGuard",""
"https://phiguard.app/practice-types/community-health-centers","200","https://phiguard.app/practice-types/community-health-centers","text/html","","","https://phiguard.app/practice-types/community-health-centers","PHIGuard for Community Health Centers | PHIGuard",""
"https://phiguard.app/practice-types/dental-practice","200","https://phiguard.app/practice-types/dental-practice","text/html","","","https://phiguard.app/practice-types/dental-practice","PHIGuard for Dental Practices | PHIGuard",""
"https://phiguard.app/practice-types/dermatology-practice","200","https://phiguard.app/practice-types/dermatology-practice","text/html","","","https://phiguard.app/practice-types/dermatology-practice","PHIGuard for Dermatology Practices | PHIGuard",""
"https://phiguard.app/practice-types/ent-practice","200","https://phiguard.app/practice-types/ent-practice","text/html","","","https://phiguard.app/practice-types/ent-practice","PHIGuard for ENT Practices | PHIGuard",""
"https://phiguard.app/practice-types/gastroenterology-practice","200","https://phiguard.app/practice-types/gastroenterology-practice","text/html","","","https://phiguard.app/practice-types/gastroenterology-practice","PHIGuard for Gastroenterology Practices | PHIGuard",""
"https://phiguard.app/practice-types/hospice-practice","200","https://phiguard.app/practice-types/hospice-practice","text/html","","","https://phiguard.app/practice-types/hospice-practice","PHIGuard for Hospice Agencies | PHIGuard",""
"https://phiguard.app/practice-types/integrative-medicine-practice","200","https://phiguard.app/practice-types/integrative-medicine-practice","text/html","","","https://phiguard.app/practice-types/integrative-medicine-practice","PHIGuard for Integrative Medicine | PHIGuard",""
"https://phiguard.app/practice-types/mental-health-practice","200","https://phiguard.app/practice-types/mental-health-practice","text/html","","","https://phiguard.app/practice-types/mental-health-practice","PHIGuard for Mental Health and Therapy Practices | PHIGuard",""
"https://phiguard.app/practice-types/neurology-practice","200","https://phiguard.app/practice-types/neurology-practice","text/html","","","https://phiguard.app/practice-types/neurology-practice","PHIGuard for Neurology Practices | PHIGuard",""
"https://phiguard.app/practice-types/obgyn-practice","200","https://phiguard.app/practice-types/obgyn-practice","text/html","","","https://phiguard.app/practice-types/obgyn-practice","PHIGuard for OB/GYN Practices | PHIGuard",""
"https://phiguard.app/practice-types/occupational-therapy-practice","200","https://phiguard.app/practice-types/occupational-therapy-practice","text/html","","","https://phiguard.app/practice-types/occupational-therapy-practice","PHIGuard for Occupational Therapy Practices | PHIGuard",""
"https://phiguard.app/practice-types/oncology-practice","200","https://phiguard.app/practice-types/oncology-practice","text/html","","","https://phiguard.app/practice-types/oncology-practice","PHIGuard for Oncology Practices | PHIGuard",""
"https://phiguard.app/practice-types/ophthalmology-practice","200","https://phiguard.app/practice-types/ophthalmology-practice","text/html","","","https://phiguard.app/practice-types/ophthalmology-practice","PHIGuard for Ophthalmology Practices | PHIGuard",""
"https://phiguard.app/practice-types/optometry-practice","200","https://phiguard.app/practice-types/optometry-practice","text/html","","","https://phiguard.app/practice-types/optometry-practice","PHIGuard for Optometry Practices | PHIGuard",""
"https://phiguard.app/practice-types/orthopedics-practice","200","https://phiguard.app/practice-types/orthopedics-practice","text/html","","","https://phiguard.app/practice-types/orthopedics-practice","PHIGuard for Orthopedic Practices | PHIGuard",""
"https://phiguard.app/practice-types/pain-management-practice","200","https://phiguard.app/practice-types/pain-management-practice","text/html","","","https://phiguard.app/practice-types/pain-management-practice","PHIGuard for Pain Management Practices | PHIGuard",""
"https://phiguard.app/practice-types/pediatric-practice","200","https://phiguard.app/practice-types/pediatric-practice","text/html","","","https://phiguard.app/practice-types/pediatric-practice","PHIGuard for Pediatric Practices | PHIGuard",""
"https://phiguard.app/practice-types/pharmacy-practice","200","https://phiguard.app/practice-types/pharmacy-practice","text/html","","","https://phiguard.app/practice-types/pharmacy-practice","PHIGuard for Pharmacy Practices | PHIGuard",""
"https://phiguard.app/practice-types/physical-therapy-practice","200","https://phiguard.app/practice-types/physical-therapy-practice","text/html","","","https://phiguard.app/practice-types/physical-therapy-practice","PHIGuard for Physical Therapy Practices | PHIGuard",""
"https://phiguard.app/practice-types/plastic-surgery-practice","200","https://phiguard.app/practice-types/plastic-surgery-practice","text/html","","","https://phiguard.app/practice-types/plastic-surgery-practice","PHIGuard for Plastic Surgery Practices | PHIGuard",""
"https://phiguard.app/practice-types/podiatry-practice","200","https://phiguard.app/practice-types/podiatry-practice","text/html","","","https://phiguard.app/practice-types/podiatry-practice","PHIGuard for Podiatry Practices | PHIGuard",""
"https://phiguard.app/practice-types/primary-care","200","https://phiguard.app/practice-types/primary-care","text/html","","","https://phiguard.app/practice-types/primary-care","PHIGuard for Primary Care Clinics | PHIGuard",""
"https://phiguard.app/practice-types/radiology-practice","200","https://phiguard.app/practice-types/radiology-practice","text/html","","","https://phiguard.app/practice-types/radiology-practice","PHIGuard for Radiology Practices | PHIGuard",""
"https://phiguard.app/practice-types/reproductive-health-practice","200","https://phiguard.app/practice-types/reproductive-health-practice","text/html","","","https://phiguard.app/practice-types/reproductive-health-practice","PHIGuard for Reproductive Health Clinics | PHIGuard",""
"https://phiguard.app/practice-types/sleep-medicine-practice","200","https://phiguard.app/practice-types/sleep-medicine-practice","text/html","","","https://phiguard.app/practice-types/sleep-medicine-practice","PHIGuard for Sleep Medicine Practices | PHIGuard",""
"https://phiguard.app/practice-types/speech-therapy-practice","200","https://phiguard.app/practice-types/speech-therapy-practice","text/html","","","https://phiguard.app/practice-types/speech-therapy-practice","PHIGuard for Speech Therapy Practices | PHIGuard",""
"https://phiguard.app/practice-types/urgent-care-practice","200","https://phiguard.app/practice-types/urgent-care-practice","text/html","","","https://phiguard.app/practice-types/urgent-care-practice","PHIGuard for Urgent Care Practices | PHIGuard",""
"https://phiguard.app/practice-types/urology-practice","200","https://phiguard.app/practice-types/urology-practice","text/html","","","https://phiguard.app/practice-types/urology-practice","PHIGuard for Urology Practices | PHIGuard",""
"https://phiguard.app/practice-types/wound-care-practice","200","https://phiguard.app/practice-types/wound-care-practice","text/html","","","https://phiguard.app/practice-types/wound-care-practice","PHIGuard for Wound Care Clinics | PHIGuard",""
"https://phiguard.app/pricing","200","https://phiguard.app/pricing","text/html","","","https://phiguard.app/pricing","Pricing | PHIGuard HIPAA Task Management",""
"https://phiguard.app/privacy","200","https://phiguard.app/privacy","text/html","","","https://phiguard.app/privacy","Privacy Policy | PHIGuard",""
"https://phiguard.app/product","200","https://phiguard.app/product","text/html","","","https://phiguard.app/product","Product | PHIGuard HIPAA Workflow Platform",""
"https://phiguard.app/resources","200","https://phiguard.app/resources","text/html","","","https://phiguard.app/resources","Resources | PHIGuard HIPAA Library for Small Clinics",""
"https://phiguard.app/resources/access-matrix-starter-template","200","https://phiguard.app/resources/access-matrix-starter-template","text/html","","","https://phiguard.app/resources/access-matrix-starter-template","Download HIPAA Role Access Matrix | PHIGuard",""
"https://phiguard.app/resources/baa-template","200","https://phiguard.app/resources/baa-template","text/html","","","https://phiguard.app/resources/baa-template","Download Free BAA Template Pack | PHIGuard",""
"https://phiguard.app/resources/best","200","https://phiguard.app/resources/best","text/html","","","https://phiguard.app/resources/best","Best PHI and HIPAA Software Pages | PHIGuard",""
"https://phiguard.app/resources/best/best-affordable-hipaa-tools-small-clinics","200","https://phiguard.app/resources/best/best-affordable-hipaa-tools-small-clinics","text/html","","","https://phiguard.app/resources/best/best-affordable-hipaa-tools-small-clinics","Best Affordable HIPAA Tools | PHIGuard",""
"https://phiguard.app/resources/best/best-baa-tracker-software","200","https://phiguard.app/resources/best/best-baa-tracker-software","text/html","","","https://phiguard.app/resources/best/best-baa-tracker-software","Best BAA Tracker Software | PHIGuard",""
"https://phiguard.app/resources/best/best-hipaa-audit-log-software","200","https://phiguard.app/resources/best/best-hipaa-audit-log-software","text/html","","","https://phiguard.app/resources/best/best-hipaa-audit-log-software","Best HIPAA Audit Log Software | PHIGuard",""
"https://phiguard.app/resources/best/best-hipaa-compliance-software-startups","200","https://phiguard.app/resources/best/best-hipaa-compliance-software-startups","text/html","","","https://phiguard.app/resources/best/best-hipaa-compliance-software-startups","Best HIPAA Compliance Software for Startups | PHIGuard",""
"https://phiguard.app/resources/best/best-hipaa-compliance-software-therapists","200","https://phiguard.app/resources/best/best-hipaa-compliance-software-therapists","text/html","","","https://phiguard.app/resources/best/best-hipaa-compliance-software-therapists","Best HIPAA Compliance Software for Therapists | PHIGuard",""
"https://phiguard.app/resources/best/best-hipaa-compliant-cloud-storage","200","https://phiguard.app/resources/best/best-hipaa-compliant-cloud-storage","text/html","","","https://phiguard.app/resources/best/best-hipaa-compliant-cloud-storage","Best HIPAA-Compliant Cloud Storage (2026) | PHIGuard",""
"https://phiguard.app/resources/best/best-hipaa-compliant-collaboration-tools","200","https://phiguard.app/resources/best/best-hipaa-compliant-collaboration-tools","text/html","","","https://phiguard.app/resources/best/best-hipaa-compliant-collaboration-tools","Best HIPAA-Compliant Collaboration Tools | PHIGuard",""
"https://phiguard.app/resources/best/best-hipaa-compliant-crm","200","https://phiguard.app/resources/best/best-hipaa-compliant-crm","text/html","","","https://phiguard.app/resources/best/best-hipaa-compliant-crm","Best HIPAA Compliant CRM for Healthcare | PHIGuard",""
"https://phiguard.app/resources/best/best-hipaa-compliant-data-management","200","https://phiguard.app/resources/best/best-hipaa-compliant-data-management","text/html","","","https://phiguard.app/resources/best/best-hipaa-compliant-data-management","Best HIPAA Data Management Tools | PHIGuard",""
"https://phiguard.app/resources/best/best-hipaa-compliant-document-sharing-tools","200","https://phiguard.app/resources/best/best-hipaa-compliant-document-sharing-tools","text/html","","","https://phiguard.app/resources/best/best-hipaa-compliant-document-sharing-tools","Best HIPAA-Compliant Document Sharing Tools | PHIGuard",""
"https://phiguard.app/resources/best/best-hipaa-compliant-e-signature-software","200","https://phiguard.app/resources/best/best-hipaa-compliant-e-signature-software","text/html","","","https://phiguard.app/resources/best/best-hipaa-compliant-e-signature-software","Best HIPAA E-Signature Software | PHIGuard",""
"https://phiguard.app/resources/best/best-hipaa-compliant-ehr-small-practice","200","https://phiguard.app/resources/best/best-hipaa-compliant-ehr-small-practice","text/html","","","https://phiguard.app/resources/best/best-hipaa-compliant-ehr-small-practice","Best HIPAA-Compliant EHR for Small Practices | PHIGuard",""
"https://phiguard.app/resources/best/best-hipaa-compliant-hr-software","200","https://phiguard.app/resources/best/best-hipaa-compliant-hr-software","text/html","","","https://phiguard.app/resources/best/best-hipaa-compliant-hr-software","Best HIPAA-Compliant HR Software | PHIGuard",""
"https://phiguard.app/resources/best/best-hipaa-compliant-intake-form-software","200","https://phiguard.app/resources/best/best-hipaa-compliant-intake-form-software","text/html","","","https://phiguard.app/resources/best/best-hipaa-compliant-intake-form-software","Best HIPAA Intake Forms | PHIGuard",""
"https://phiguard.app/resources/best/best-hipaa-compliant-note-taking-apps","200","https://phiguard.app/resources/best/best-hipaa-compliant-note-taking-apps","text/html","","","https://phiguard.app/resources/best/best-hipaa-compliant-note-taking-apps","Best HIPAA Compliant Note-Taking Apps | PHIGuard",""
"https://phiguard.app/resources/best/best-hipaa-compliant-password-managers","200","https://phiguard.app/resources/best/best-hipaa-compliant-password-managers","text/html","","","https://phiguard.app/resources/best/best-hipaa-compliant-password-managers","Best HIPAA Password Managers | PHIGuard",""
"https://phiguard.app/resources/best/best-hipaa-compliant-remote-work-software","200","https://phiguard.app/resources/best/best-hipaa-compliant-remote-work-software","text/html","","","https://phiguard.app/resources/best/best-hipaa-compliant-remote-work-software","Best HIPAA Remote Work Software | PHIGuard",""
"https://phiguard.app/resources/best/best-hipaa-compliant-scheduling","200","https://phiguard.app/resources/best/best-hipaa-compliant-scheduling","text/html","","","https://phiguard.app/resources/best/best-hipaa-compliant-scheduling","Best HIPAA Compliant Scheduling Software | PHIGuard",""
"https://phiguard.app/resources/best/best-hipaa-compliant-screen-recording","200","https://phiguard.app/resources/best/best-hipaa-compliant-screen-recording","text/html","","","https://phiguard.app/resources/best/best-hipaa-compliant-screen-recording","Best HIPAA Compliant Screen Recording Tools | PHIGuard",""
"https://phiguard.app/resources/best/best-hipaa-compliant-secure-messaging","200","https://phiguard.app/resources/best/best-hipaa-compliant-secure-messaging","text/html","","","https://phiguard.app/resources/best/best-hipaa-compliant-secure-messaging","Best HIPAA Secure Messaging | PHIGuard",""
"https://phiguard.app/resources/best/best-hipaa-compliant-ticketing-systems","200","https://phiguard.app/resources/best/best-hipaa-compliant-ticketing-systems","text/html","","","https://phiguard.app/resources/best/best-hipaa-compliant-ticketing-systems","Best HIPAA Compliant Ticketing Systems | PHIGuard",""
"https://phiguard.app/resources/best/best-hipaa-compliant-transcription-services","200","https://phiguard.app/resources/best/best-hipaa-compliant-transcription-services","text/html","","","https://phiguard.app/resources/best/best-hipaa-compliant-transcription-services","Best HIPAA Compliant Transcription Services | PHIGuard",""
"https://phiguard.app/resources/best/best-hipaa-compliant-video-conferencing","200","https://phiguard.app/resources/best/best-hipaa-compliant-video-conferencing","text/html","","","https://phiguard.app/resources/best/best-hipaa-compliant-video-conferencing","Best HIPAA Video Conferencing | PHIGuard",""
"https://phiguard.app/resources/best/best-hipaa-compliant-virtual-assistants","200","https://phiguard.app/resources/best/best-hipaa-compliant-virtual-assistants","text/html","","","https://phiguard.app/resources/best/best-hipaa-compliant-virtual-assistants","Best HIPAA Compliant Virtual Assistants | PHIGuard",""
"https://phiguard.app/resources/best/best-hipaa-incident-response-software","200","https://phiguard.app/resources/best/best-hipaa-incident-response-software","text/html","","","https://phiguard.app/resources/best/best-hipaa-incident-response-software","Best HIPAA Incident Response Software | PHIGuard",""
"https://phiguard.app/resources/best/best-hipaa-policy-management-software","200","https://phiguard.app/resources/best/best-hipaa-policy-management-software","text/html","","","https://phiguard.app/resources/best/best-hipaa-policy-management-software","Best HIPAA Policy Management Software | PHIGuard",""
"https://phiguard.app/resources/best/best-hipaa-project-management-tools","200","https://phiguard.app/resources/best/best-hipaa-project-management-tools","text/html","","","https://phiguard.app/resources/best/best-hipaa-project-management-tools","Best HIPAA Project Management Tools | PHIGuard",""
"https://phiguard.app/resources/best/best-hipaa-risk-assessment-software-small-clinics","200","https://phiguard.app/resources/best/best-hipaa-risk-assessment-software-small-clinics","text/html","","","https://phiguard.app/resources/best/best-hipaa-risk-assessment-software-small-clinics","Best HIPAA Risk Assessment Software | PHIGuard",""
"https://phiguard.app/resources/best/best-hipaa-training-platforms","200","https://phiguard.app/resources/best/best-hipaa-training-platforms","text/html","","","https://phiguard.app/resources/best/best-hipaa-training-platforms","Best HIPAA Training Platforms for Healthcare | PHIGuard",""
"https://phiguard.app/resources/best/best-hipaa-training-software-clinic-staff","200","https://phiguard.app/resources/best/best-hipaa-training-software-clinic-staff","text/html","","","https://phiguard.app/resources/best/best-hipaa-training-software-clinic-staff","Best HIPAA Training Software | PHIGuard",""
"https://phiguard.app/resources/best/best-hipaa-vendor-management-software","200","https://phiguard.app/resources/best/best-hipaa-vendor-management-software","text/html","","","https://phiguard.app/resources/best/best-hipaa-vendor-management-software","Best HIPAA Vendor Management Software | PHIGuard",""
"https://phiguard.app/resources/best/best-phi-management-software","200","https://phiguard.app/resources/best/best-phi-management-software","text/html","","","https://phiguard.app/resources/best/best-phi-management-software","Best PHI Management Software | PHIGuard",""
"https://phiguard.app/resources/best/best-software-for-handling-phi","200","https://phiguard.app/resources/best/best-software-for-handling-phi","text/html","","","https://phiguard.app/resources/best/best-software-for-handling-phi","Best Software for Handling PHI | PHIGuard",""
"https://phiguard.app/resources/best/hipaa-compliant-forms","200","https://phiguard.app/resources/best/hipaa-compliant-forms","text/html","","","https://phiguard.app/resources/best/hipaa-compliant-forms","Best HIPAA-Compliant Forms | PHIGuard",""
"https://phiguard.app/resources/guides","200","https://phiguard.app/resources/guides","text/html","","","https://phiguard.app/resources/guides","PHI and HIPAA Vendor Guides | PHIGuard",""
"https://phiguard.app/resources/guides/google-drive","200","https://phiguard.app/resources/guides/google-drive","text/html","","","https://phiguard.app/resources/guides/google-drive","Google Drive for PHI | PHIGuard",""
"https://phiguard.app/resources/guides/google-sheets","200","https://phiguard.app/resources/guides/google-sheets","text/html","","","https://phiguard.app/resources/guides/google-sheets","Google Sheets for PHI | PHIGuard",""
"https://phiguard.app/resources/guides/is-adobe-sign-hipaa-compliant","200","https://phiguard.app/resources/guides/is-adobe-sign-hipaa-compliant","text/html","","","https://phiguard.app/resources/guides/is-adobe-sign-hipaa-compliant","Is Adobe Acrobat Sign HIPAA Compliant? | PHIGuard",""
"https://phiguard.app/resources/guides/is-airtable-hipaa-compliant","200","https://phiguard.app/resources/guides/is-airtable-hipaa-compliant","text/html","","","https://phiguard.app/resources/guides/is-airtable-hipaa-compliant","Is Airtable HIPAA Compliant? | PHIGuard",""
"https://phiguard.app/resources/guides/is-asana-hipaa-compliant","200","https://phiguard.app/resources/guides/is-asana-hipaa-compliant","text/html","","","https://phiguard.app/resources/guides/is-asana-hipaa-compliant","Is Asana HIPAA Compliant? | PHIGuard",""
"https://phiguard.app/resources/guides/is-basecamp-hipaa-compliant","200","https://phiguard.app/resources/guides/is-basecamp-hipaa-compliant","text/html","","","https://phiguard.app/resources/guides/is-basecamp-hipaa-compliant","Is Basecamp HIPAA Compliant? | PHIGuard",""
"https://phiguard.app/resources/guides/is-box-hipaa-compliant","200","https://phiguard.app/resources/guides/is-box-hipaa-compliant","text/html","","","https://phiguard.app/resources/guides/is-box-hipaa-compliant","Is Box HIPAA Compliant? | PHIGuard",""
"https://phiguard.app/resources/guides/is-calendly-hipaa-compliant","200","https://phiguard.app/resources/guides/is-calendly-hipaa-compliant","text/html","","","https://phiguard.app/resources/guides/is-calendly-hipaa-compliant","Is Calendly HIPAA Compliant? | PHIGuard",""
"https://phiguard.app/resources/guides/is-chatgpt-hipaa-compliant","200","https://phiguard.app/resources/guides/is-chatgpt-hipaa-compliant","text/html","","","https://phiguard.app/resources/guides/is-chatgpt-hipaa-compliant","Is ChatGPT HIPAA Compliant? | PHIGuard",""
"https://phiguard.app/resources/guides/is-clickup-hipaa-compliant","200","https://phiguard.app/resources/guides/is-clickup-hipaa-compliant","text/html","","","https://phiguard.app/resources/guides/is-clickup-hipaa-compliant","Is ClickUp HIPAA Compliant? | PHIGuard",""
"https://phiguard.app/resources/guides/is-copilot-hipaa-compliant","200","https://phiguard.app/resources/guides/is-copilot-hipaa-compliant","text/html","","","https://phiguard.app/resources/guides/is-copilot-hipaa-compliant","Is Microsoft Copilot HIPAA Compliant? | PHIGuard",""
"https://phiguard.app/resources/guides/is-docusign-hipaa-compliant","200","https://phiguard.app/resources/guides/is-docusign-hipaa-compliant","text/html","","","https://phiguard.app/resources/guides/is-docusign-hipaa-compliant","Is DocuSign HIPAA Compliant? | PHIGuard",""
"https://phiguard.app/resources/guides/is-doximity-hipaa-compliant","200","https://phiguard.app/resources/guides/is-doximity-hipaa-compliant","text/html","","","https://phiguard.app/resources/guides/is-doximity-hipaa-compliant","Is Doximity HIPAA Compliant? | PHIGuard",""
"https://phiguard.app/resources/guides/is-dropbox-hipaa-compliant","200","https://phiguard.app/resources/guides/is-dropbox-hipaa-compliant","text/html","","","https://phiguard.app/resources/guides/is-dropbox-hipaa-compliant","Is Dropbox HIPAA Compliant? | PHIGuard",""
"https://phiguard.app/resources/guides/is-facetime-hipaa-compliant","200","https://phiguard.app/resources/guides/is-facetime-hipaa-compliant","text/html","","","https://phiguard.app/resources/guides/is-facetime-hipaa-compliant","Is FaceTime HIPAA Compliant? | PHIGuard",""
"https://phiguard.app/resources/guides/is-figma-hipaa-compliant","200","https://phiguard.app/resources/guides/is-figma-hipaa-compliant","text/html","","","https://phiguard.app/resources/guides/is-figma-hipaa-compliant","Is Figma HIPAA Compliant? | PHIGuard",""
"https://phiguard.app/resources/guides/is-freshdesk-hipaa-compliant","200","https://phiguard.app/resources/guides/is-freshdesk-hipaa-compliant","text/html","","","https://phiguard.app/resources/guides/is-freshdesk-hipaa-compliant","Is Freshdesk HIPAA Compliant? | PHIGuard",""
"https://phiguard.app/resources/guides/is-gemini-hipaa-compliant","200","https://phiguard.app/resources/guides/is-gemini-hipaa-compliant","text/html","","","https://phiguard.app/resources/guides/is-gemini-hipaa-compliant","Is Google Gemini HIPAA Compliant? | PHIGuard",""
"https://phiguard.app/resources/guides/is-github-hipaa-compliant","200","https://phiguard.app/resources/guides/is-github-hipaa-compliant","text/html","","","https://phiguard.app/resources/guides/is-github-hipaa-compliant","Is GitHub HIPAA Compliant? | PHIGuard",""
"https://phiguard.app/resources/guides/is-gmail-hipaa-compliant","200","https://phiguard.app/resources/guides/is-gmail-hipaa-compliant","text/html","","","https://phiguard.app/resources/guides/is-gmail-hipaa-compliant","Is Gmail HIPAA Compliant? | PHIGuard",""
"https://phiguard.app/resources/guides/is-google-meet-hipaa-compliant","200","https://phiguard.app/resources/guides/is-google-meet-hipaa-compliant","text/html","","","https://phiguard.app/resources/guides/is-google-meet-hipaa-compliant","Is Google Meet HIPAA Compliant? | PHIGuard",""
"https://phiguard.app/resources/guides/is-google-voice-hipaa-compliant","200","https://phiguard.app/resources/guides/is-google-voice-hipaa-compliant","text/html","","","https://phiguard.app/resources/guides/is-google-voice-hipaa-compliant","Is Google Voice HIPAA Compliant? | PHIGuard",""
"https://phiguard.app/resources/guides/is-google-workspace-hipaa-compliant","200","https://phiguard.app/resources/guides/is-google-workspace-hipaa-compliant","text/html","","","https://phiguard.app/resources/guides/is-google-workspace-hipaa-compliant","Is Google Workspace HIPAA Compliant? | PHIGuard",""
"https://phiguard.app/resources/guides/is-hubspot-hipaa-compliant","200","https://phiguard.app/resources/guides/is-hubspot-hipaa-compliant","text/html","","","https://phiguard.app/resources/guides/is-hubspot-hipaa-compliant","Is HubSpot HIPAA Compliant? | PHIGuard",""
"https://phiguard.app/resources/guides/is-intercom-hipaa-compliant","200","https://phiguard.app/resources/guides/is-intercom-hipaa-compliant","text/html","","","https://phiguard.app/resources/guides/is-intercom-hipaa-compliant","Is Intercom HIPAA Compliant? | PHIGuard",""
"https://phiguard.app/resources/guides/is-jira-hipaa-compliant","200","https://phiguard.app/resources/guides/is-jira-hipaa-compliant","text/html","","","https://phiguard.app/resources/guides/is-jira-hipaa-compliant","Is Jira HIPAA Compliant? | PHIGuard",""
"https://phiguard.app/resources/guides/is-loom-hipaa-compliant","200","https://phiguard.app/resources/guides/is-loom-hipaa-compliant","text/html","","","https://phiguard.app/resources/guides/is-loom-hipaa-compliant","Is Loom HIPAA Compliant? | PHIGuard",""
"https://phiguard.app/resources/guides/is-microsoft-planner-hipaa-compliant","200","https://phiguard.app/resources/guides/is-microsoft-planner-hipaa-compliant","text/html","","","https://phiguard.app/resources/guides/is-microsoft-planner-hipaa-compliant","Is Microsoft Planner HIPAA Compliant? | PHIGuard",""
"https://phiguard.app/resources/guides/is-monday-hipaa-compliant","200","https://phiguard.app/resources/guides/is-monday-hipaa-compliant","text/html","","","https://phiguard.app/resources/guides/is-monday-hipaa-compliant","Is monday.com HIPAA Compliant? | PHIGuard",""
"https://phiguard.app/resources/guides/is-notion-hipaa-compliant","200","https://phiguard.app/resources/guides/is-notion-hipaa-compliant","text/html","","","https://phiguard.app/resources/guides/is-notion-hipaa-compliant","Is Notion HIPAA Compliant? | PHIGuard",""
"https://phiguard.app/resources/guides/is-otter-ai-hipaa-compliant","200","https://phiguard.app/resources/guides/is-otter-ai-hipaa-compliant","text/html","","","https://phiguard.app/resources/guides/is-otter-ai-hipaa-compliant","Is Otter.ai HIPAA Compliant? | PHIGuard",""
"https://phiguard.app/resources/guides/is-outlook-hipaa-compliant","200","https://phiguard.app/resources/guides/is-outlook-hipaa-compliant","text/html","","","https://phiguard.app/resources/guides/is-outlook-hipaa-compliant","Is Outlook HIPAA Compliant? | PHIGuard",""
"https://phiguard.app/resources/guides/is-power-bi-hipaa-compliant","200","https://phiguard.app/resources/guides/is-power-bi-hipaa-compliant","text/html","","","https://phiguard.app/resources/guides/is-power-bi-hipaa-compliant","Is Power BI HIPAA Compliant? | PHIGuard",""
"https://phiguard.app/resources/guides/is-quickbooks-hipaa-compliant","200","https://phiguard.app/resources/guides/is-quickbooks-hipaa-compliant","text/html","","","https://phiguard.app/resources/guides/is-quickbooks-hipaa-compliant","Is QuickBooks HIPAA Compliant? | PHIGuard",""
"https://phiguard.app/resources/guides/is-ringcentral-hipaa-compliant","200","https://phiguard.app/resources/guides/is-ringcentral-hipaa-compliant","text/html","","","https://phiguard.app/resources/guides/is-ringcentral-hipaa-compliant","Is RingCentral HIPAA Compliant? | PHIGuard",""
"https://phiguard.app/resources/guides/is-salesforce-hipaa-compliant","200","https://phiguard.app/resources/guides/is-salesforce-hipaa-compliant","text/html","","","https://phiguard.app/resources/guides/is-salesforce-hipaa-compliant","Is Salesforce HIPAA Compliant? | PHIGuard",""
"https://phiguard.app/resources/guides/is-servicenow-hipaa-compliant","200","https://phiguard.app/resources/guides/is-servicenow-hipaa-compliant","text/html","","","https://phiguard.app/resources/guides/is-servicenow-hipaa-compliant","Is ServiceNow HIPAA Compliant? | PHIGuard",""
"https://phiguard.app/resources/guides/is-smartsheet-hipaa-compliant","200","https://phiguard.app/resources/guides/is-smartsheet-hipaa-compliant","text/html","","","https://phiguard.app/resources/guides/is-smartsheet-hipaa-compliant","Is Smartsheet HIPAA Compliant? | PHIGuard",""
"https://phiguard.app/resources/guides/is-tableau-hipaa-compliant","200","https://phiguard.app/resources/guides/is-tableau-hipaa-compliant","text/html","","","https://phiguard.app/resources/guides/is-tableau-hipaa-compliant","Is Tableau HIPAA Compliant? | PHIGuard",""
"https://phiguard.app/resources/guides/is-teams-hipaa-compliant","200","https://phiguard.app/resources/guides/is-teams-hipaa-compliant","text/html","","","https://phiguard.app/resources/guides/is-teams-hipaa-compliant","Is Microsoft Teams HIPAA Compliant? | PHIGuard",""
"https://phiguard.app/resources/guides/is-trello-hipaa-compliant","200","https://phiguard.app/resources/guides/is-trello-hipaa-compliant","text/html","","","https://phiguard.app/resources/guides/is-trello-hipaa-compliant","Is Trello HIPAA Compliant? | PHIGuard",""
"https://phiguard.app/resources/guides/is-typeform-hipaa-compliant","200","https://phiguard.app/resources/guides/is-typeform-hipaa-compliant","text/html","","","https://phiguard.app/resources/guides/is-typeform-hipaa-compliant","Is Typeform HIPAA Compliant? | PHIGuard",""
"https://phiguard.app/resources/guides/is-webex-hipaa-compliant","200","https://phiguard.app/resources/guides/is-webex-hipaa-compliant","text/html","","","https://phiguard.app/resources/guides/is-webex-hipaa-compliant","Is Webex HIPAA Compliant? | PHIGuard",""
"https://phiguard.app/resources/guides/is-whatsapp-hipaa-compliant","200","https://phiguard.app/resources/guides/is-whatsapp-hipaa-compliant","text/html","","","https://phiguard.app/resources/guides/is-whatsapp-hipaa-compliant","Is WhatsApp HIPAA Compliant? | PHIGuard",""
"https://phiguard.app/resources/guides/is-zapier-hipaa-compliant","200","https://phiguard.app/resources/guides/is-zapier-hipaa-compliant","text/html","","","https://phiguard.app/resources/guides/is-zapier-hipaa-compliant","Is Zapier HIPAA Compliant? | PHIGuard",""
"https://phiguard.app/resources/guides/is-zendesk-hipaa-compliant","200","https://phiguard.app/resources/guides/is-zendesk-hipaa-compliant","text/html","","","https://phiguard.app/resources/guides/is-zendesk-hipaa-compliant","Is Zendesk HIPAA Compliant? | PHIGuard",""
"https://phiguard.app/resources/guides/is-zoom-hipaa-compliant","200","https://phiguard.app/resources/guides/is-zoom-hipaa-compliant","text/html","","","https://phiguard.app/resources/guides/is-zoom-hipaa-compliant","Is Zoom HIPAA Compliant? | PHIGuard",""
"https://phiguard.app/resources/guides/jotform","200","https://phiguard.app/resources/guides/jotform","text/html","","","https://phiguard.app/resources/guides/jotform","Jotform for PHI | PHIGuard",""
"https://phiguard.app/resources/guides/microsoft-teams","200","https://phiguard.app/resources/guides/microsoft-teams","text/html","","","https://phiguard.app/resources/guides/microsoft-teams","Microsoft Teams for PHI | PHIGuard",""
"https://phiguard.app/resources/guides/onedrive","200","https://phiguard.app/resources/guides/onedrive","text/html","","","https://phiguard.app/resources/guides/onedrive","OneDrive for PHI | PHIGuard",""
"https://phiguard.app/resources/guides/sharepoint","200","https://phiguard.app/resources/guides/sharepoint","text/html","","","https://phiguard.app/resources/guides/sharepoint","SharePoint for PHI | PHIGuard",""
"https://phiguard.app/resources/guides/slack","200","https://phiguard.app/resources/guides/slack","text/html","","","https://phiguard.app/resources/guides/slack","Slack for PHI | PHIGuard",""
"https://phiguard.app/resources/guides/zapier","200","https://phiguard.app/resources/guides/zapier","text/html","","","https://phiguard.app/resources/guides/zapier","Zapier for PHI | PHIGuard",""
"https://phiguard.app/resources/hipaa-access-log-template","200","https://phiguard.app/resources/hipaa-access-log-template","text/html","","","https://phiguard.app/resources/hipaa-access-log-template","Download HIPAA Access Log Template | PHIGuard",""
"https://phiguard.app/resources/hipaa-access-review-checklist","200","https://phiguard.app/resources/hipaa-access-review-checklist","text/html","","","https://phiguard.app/resources/hipaa-access-review-checklist","Download HIPAA Access Review Checklist | PHIGuard",""
"https://phiguard.app/resources/hipaa-annual-review-calendar","200","https://phiguard.app/resources/hipaa-annual-review-calendar","text/html","","","https://phiguard.app/resources/hipaa-annual-review-calendar","Download HIPAA Annual Review Calendar | PHIGuard",""
"https://phiguard.app/resources/hipaa-authorization-form-template","200","https://phiguard.app/resources/hipaa-authorization-form-template","text/html","","","https://phiguard.app/resources/hipaa-authorization-form-template","Download Free HIPAA Authorization Form Template | PHIGuard",""
"https://phiguard.app/resources/hipaa-baa-template-clinic","200","https://phiguard.app/resources/hipaa-baa-template-clinic","text/html","","","https://phiguard.app/resources/hipaa-baa-template-clinic","Download HIPAA BAA Template | PHIGuard",""
"https://phiguard.app/resources/hipaa-breach-decision-tree","200","https://phiguard.app/resources/hipaa-breach-decision-tree","text/html","","","https://phiguard.app/resources/hipaa-breach-decision-tree","Download HIPAA Breach Notification Decision Tree | PHIGuard",""
"https://phiguard.app/resources/hipaa-budget-calculator","200","https://phiguard.app/resources/hipaa-budget-calculator","text/html","","","https://phiguard.app/resources/hipaa-budget-calculator","Download HIPAA Compliance Budget Planner | PHIGuard",""
"https://phiguard.app/resources/hipaa-compliance-self-assessment","200","https://phiguard.app/resources/hipaa-compliance-self-assessment","text/html","","","https://phiguard.app/resources/hipaa-compliance-self-assessment","Download HIPAA Compliance Self-Assessment | PHIGuard",""
"https://phiguard.app/resources/hipaa-contingency-plan-template","200","https://phiguard.app/resources/hipaa-contingency-plan-template","text/html","","","https://phiguard.app/resources/hipaa-contingency-plan-template","Download HIPAA Contingency Plan Template | PHIGuard",""
"https://phiguard.app/resources/hipaa-data-backup-plan-template","200","https://phiguard.app/resources/hipaa-data-backup-plan-template","text/html","","","https://phiguard.app/resources/hipaa-data-backup-plan-template","Download HIPAA Data Backup Plan Template | PHIGuard",""
"https://phiguard.app/resources/hipaa-employee-acknowledgement-template","200","https://phiguard.app/resources/hipaa-employee-acknowledgement-template","text/html","","","https://phiguard.app/resources/hipaa-employee-acknowledgement-template","Download HIPAA Employee Acknowledgement | PHIGuard",""
"https://phiguard.app/resources/hipaa-evidence-binder-checklist","200","https://phiguard.app/resources/hipaa-evidence-binder-checklist","text/html","","","https://phiguard.app/resources/hipaa-evidence-binder-checklist","Download HIPAA Evidence Binder Checklist | PHIGuard",""
"https://phiguard.app/resources/hipaa-incident-triage-worksheet","200","https://phiguard.app/resources/hipaa-incident-triage-worksheet","text/html","","","https://phiguard.app/resources/hipaa-incident-triage-worksheet","Download HIPAA Incident Triage Worksheet | PHIGuard",""
"https://phiguard.app/resources/hipaa-new-hire-checklist","200","https://phiguard.app/resources/hipaa-new-hire-checklist","text/html","","","https://phiguard.app/resources/hipaa-new-hire-checklist","Download HIPAA New Hire Checklist | PHIGuard",""
"https://phiguard.app/resources/hipaa-offboarding-checklist","200","https://phiguard.app/resources/hipaa-offboarding-checklist","text/html","","","https://phiguard.app/resources/hipaa-offboarding-checklist","Download HIPAA Offboarding Checklist | PHIGuard",""
"https://phiguard.app/resources/hipaa-pm-tool-comparison-guide","200","https://phiguard.app/resources/hipaa-pm-tool-comparison-guide","text/html","","","https://phiguard.app/resources/hipaa-pm-tool-comparison-guide","Download HIPAA PM Tool Comparison Guide | PHIGuard",""
"https://phiguard.app/resources/hipaa-privacy-policy-template","200","https://phiguard.app/resources/hipaa-privacy-policy-template","text/html","","","https://phiguard.app/resources/hipaa-privacy-policy-template","Download HIPAA Privacy Policy Template | PHIGuard",""
"https://phiguard.app/resources/hipaa-release-form-template","200","https://phiguard.app/resources/hipaa-release-form-template","text/html","","","https://phiguard.app/resources/hipaa-release-form-template","Download Free HIPAA Release Form Template | PHIGuard",""
"https://phiguard.app/resources/hipaa-risk-analysis-template","200","https://phiguard.app/resources/hipaa-risk-analysis-template","text/html","","","https://phiguard.app/resources/hipaa-risk-analysis-template","Download HIPAA Risk Analysis Worksheet | PHIGuard",""
"https://phiguard.app/resources/hipaa-security-policy-template","200","https://phiguard.app/resources/hipaa-security-policy-template","text/html","","","https://phiguard.app/resources/hipaa-security-policy-template","Download HIPAA Security Policy Template | PHIGuard",""
"https://phiguard.app/resources/hipaa-software-comparison-scorecard","200","https://phiguard.app/resources/hipaa-software-comparison-scorecard","text/html","","","https://phiguard.app/resources/hipaa-software-comparison-scorecard","Download HIPAA Software Comparison Scorecard | PHIGuard",""
"https://phiguard.app/resources/hipaa-state-law-overlay-matrix","200","https://phiguard.app/resources/hipaa-state-law-overlay-matrix","text/html","","","https://phiguard.app/resources/hipaa-state-law-overlay-matrix","Download HIPAA State-Law Overlay Matrix | PHIGuard",""
"https://phiguard.app/resources/hipaa-task-management-maturity-scorecard","200","https://phiguard.app/resources/hipaa-task-management-maturity-scorecard","text/html","","","https://phiguard.app/resources/hipaa-task-management-maturity-scorecard","Download HIPAA Task Management Maturity Scorecard | PHIGuard",""
"https://phiguard.app/resources/incident-response-plan","200","https://phiguard.app/resources/incident-response-plan","text/html","","","https://phiguard.app/resources/incident-response-plan","Download HIPAA Incident Response Plan Template | PHIGuard",""
"https://phiguard.app/resources/minimum-necessary-decision-log","200","https://phiguard.app/resources/minimum-necessary-decision-log","text/html","","","https://phiguard.app/resources/minimum-necessary-decision-log","Download HIPAA Minimum Necessary Decision Log | PHIGuard",""
"https://phiguard.app/resources/multi-location-compliance-rollout-plan","200","https://phiguard.app/resources/multi-location-compliance-rollout-plan","text/html","","","https://phiguard.app/resources/multi-location-compliance-rollout-plan","Download Multi-Location HIPAA Rollout Plan | PHIGuard",""
"https://phiguard.app/resources/notice-of-privacy-practices-template","200","https://phiguard.app/resources/notice-of-privacy-practices-template","text/html","","","https://phiguard.app/resources/notice-of-privacy-practices-template","Download Notice of Privacy Practices | PHIGuard",""
"https://phiguard.app/resources/ocr-inquiry-readiness-packet","200","https://phiguard.app/resources/ocr-inquiry-readiness-packet","text/html","","","https://phiguard.app/resources/ocr-inquiry-readiness-packet","Download OCR Inquiry Readiness Packet | PHIGuard",""
"https://phiguard.app/resources/phi-workflow-audit-worksheet","200","https://phiguard.app/resources/phi-workflow-audit-worksheet","text/html","","","https://phiguard.app/resources/phi-workflow-audit-worksheet","Download PHI Workflow Audit Worksheet | PHIGuard",""
"https://phiguard.app/resources/policy-review-calendar","200","https://phiguard.app/resources/policy-review-calendar","text/html","","","https://phiguard.app/resources/policy-review-calendar","Download HIPAA Policy Review Calendar | PHIGuard",""
"https://phiguard.app/resources/tabletop-exercise-script","200","https://phiguard.app/resources/tabletop-exercise-script","text/html","","","https://phiguard.app/resources/tabletop-exercise-script","Download HIPAA Tabletop Exercise Script | PHIGuard",""
"https://phiguard.app/resources/telehealth-compliance-workflow-checklist","200","https://phiguard.app/resources/telehealth-compliance-workflow-checklist","text/html","","","https://phiguard.app/resources/telehealth-compliance-workflow-checklist","Download Telehealth Compliance Workflow Checklist | PHIGuard",""
"https://phiguard.app/resources/vendor-baa-tracker","200","https://phiguard.app/resources/vendor-baa-tracker","text/html","","","https://phiguard.app/resources/vendor-baa-tracker","Download Healthcare Vendor BAA Tracker | PHIGuard",""
"https://phiguard.app/resources/vendor-renewal-review-checklist","200","https://phiguard.app/resources/vendor-renewal-review-checklist","text/html","","","https://phiguard.app/resources/vendor-renewal-review-checklist","Download Vendor BAA Renewal Review Checklist | PHIGuard",""
"https://phiguard.app/security","200","https://phiguard.app/security","text/html","","","https://phiguard.app/security","Security | PHIGuard Technical Safeguards",""
"https://phiguard.app/subprocessors","200","https://phiguard.app/subprocessors","text/html","","","https://phiguard.app/subprocessors","Subprocessors | PHIGuard",""
"https://phiguard.app/terms","200","https://phiguard.app/terms","text/html","","","https://phiguard.app/terms","Terms of Service | PHIGuard",""
"https://phiguard.app/trust","200","https://phiguard.app/trust","text/html","","","https://phiguard.app/trust","Trust | PHIGuard",""